siteID,labno,dateon,dateoff,yrmonth,ph,Conduc,flagCa,Ca,flagMg,Mg,flagK,K,flagNa,Na,flagNH4,NH4,flagNO3,NO3,flagCl,Cl,flagSO4,SO4,flagBr,Br,svol,ppt,subppt,valcode,invalcode,modifiedOn
NY06,TL0179SW,"2013-01-22 12:10","2013-01-29 12:15",201301,4.840,29.200, ,0.699, ,0.101, ,0.036, ,1.932, ,0.807, ,1.888, ,3.029, ,2.671,0,-9,-9.000,8.382,8.382,w ,            ,7/25/2014 12:00:00 AM
NY06,TL0463SW,"2013-01-29 12:20","2013-02-05 12:05",201302,5.120,23.600, ,0.328, ,0.192, ,0.098, ,2.156, ,0.507, ,1.330, ,3.461, ,1.758,0,-9,-9.000,31.750,31.750,w ,            ,7/25/2014 12:00:00 AM
NY06,TL0752SW,"2013-02-05 12:10","2013-02-12 12:10",201302,-9.000,-9.000, ,-9.000, ,-9.000, ,-9.000, ,-9.000, ,-9.000, ,-9.000, ,-9.000, ,-9.000,0,-9,-9.000,46.990,46.990,  ,c           ,7/25/2014 12:00:00 AM
NY06,TL0981SW,"2013-02-12 12:15","2013-02-19 12:10",201302,4.290,46.600, ,0.632, ,0.080, ,0.056, ,0.482, ,2.263, ,7.667, ,0.830, ,3.961,0,-9,-9.000,1.778,1.778,w ,            ,7/25/2014 12:00:00 AM
NY06,TL1270SW,"2013-02-19 12:15","2013-02-26 12:10",201302,5.120,24.300, ,0.630, ,0.223, ,0.077, ,1.414, ,0.827, ,1.460, ,2.350, ,2.686,0,-9,-9.000,8.890,8.890,w ,            ,7/25/2014 12:00:00 AM
NY06,TL1562SW,"2013-02-26 12:15","2013-03-05 12:05",201303,5.360,14.000, ,0.218, ,0.162, ,0.074, ,1.293, ,0.107, ,0.289, ,2.360, ,0.885,0,-9,-9.000,22.860,22.860,w ,            ,7/25/2014 12:00:00 AM
NY06,TL1846SW,"2013-03-05 12:15","2013-03-12 11:10",201303,5.510,13.200, ,0.363, ,0.157, ,0.043, ,1.013, ,0.239, ,0.610, ,1.807, ,1.278,0,-9,-9.000,16.764,16.764,w ,            ,7/25/2014 12:00:00 AM
NY06,TL2131SW,"2013-03-12 11:15","2013-03-19 11:10",201303,5.390,14.600, ,0.214, ,0.155, ,0.058, ,1.257, ,0.246, ,0.650, ,2.224, ,1.000,0,-9,-9.000,47.244,47.244,w ,            ,7/25/2014 12:00:00 AM
NY06,TL2360SW,"2013-03-19 11:15","2013-03-26 11:15",201303,4.990,25.500, ,0.631, ,0.222, ,0.074, ,1.400, ,0.686, ,2.378, ,2.437, ,2.351,0,-9,-9.000,8.636,8.636,w ,            ,7/25/2014 12:00:00 AM
NY06,TL2639SW,"2013-03-26 11:20","2013-04-02 11:15",201303,4.780,25.300, ,0.401, ,0.151, ,0.047, ,0.601, ,1.209, ,1.999, ,1.116, ,3.267,0,-9,-9.000,3.810,3.810,w ,            ,7/25/2014 12:00:00 AM
NY06,TL3216SW,"2013-04-02 11:20","2013-04-09 11:10",201304,-9.000,-9.000, ,-9.000, ,-9.000, ,-9.000, ,-9.000, ,-9.000, ,-9.000, ,-9.000, ,-9.000,0,-9,-9.000,0.000,0.000,d ,            ,
NY06,TL3200SW,"2013-04-09 11:15","2013-04-16 11:05",201304,-9.000,-9.000, ,-9.000, ,-9.000, ,-9.000, ,-9.000, ,-9.000, ,-9.000, ,-9.000, ,-9.000,0,-9,-9.000,21.844,21.844,  ,c           ,7/25/2014 12:00:00 AM
NY06,TL3430SW,"2013-04-16 11:10","2013-04-23 11:05",201304,-9.000,-9.000, ,-9.000, ,-9.000, ,-9.000, ,-9.000, ,-9.000, ,-9.000, ,-9.000, ,-9.000,0,-9,-9.000,3.302,3.302,  ,c           ,7/25/2014 12:00:00 AM
NY06,TL3753SW,"2013-04-23 11:15","2013-04-30 11:05",201304,-9.000,-9.000, ,-9.000, ,-9.000, ,-9.000, ,-9.000, ,-9.000, ,-9.000, ,-9.000, ,-9.000,0,-9,68.500,0.762,0.762,  ,c           ,7/25/2014 12:00:00 AM
NY06,TL4289SW,"2013-04-30 11:15","2013-05-07 11:05",201305,-9.000,-9.000, ,-9.000, ,-9.000, ,-9.000, ,-9.000, ,-9.000, ,-9.000, ,-9.000, ,-9.000,0,-9,-9.000,0.000,0.000,d ,            ,
NY06,TL4226SW,"2013-05-07 11:15","2013-05-14 11:05",201305,5.210,8.600, ,0.080, ,0.065, ,0.062, ,0.465, ,0.182, ,0.582, ,0.819, ,0.601,0,-9,5026.000,70.612,70.612,w ,            ,7/25/2014 12:00:00 AM
NY06,TL4530SW,"2013-05-14 11:15","2013-05-21 11:05",201305,5.750,9.000, ,0.175, ,0.044, ,0.032, ,0.167, ,0.663, ,0.960, ,0.279, ,1.239,0,-9,1253.800,17.018,17.018,w ,            ,7/25/2014 12:00:00 AM
NY06,TL4749SW,"2013-05-21 11:15","2013-05-28 11:05",201305,5.210,7.000, ,0.086, ,0.035, ,0.051, ,0.163, ,0.227, ,0.666, ,0.291, ,0.570,0,-9,2611.800,37.338,37.338,w ,            ,7/25/2014 12:00:00 AM
NY06,TL5042SW,"2013-05-28 11:15","2013-06-04 11:15",201305,5.220,8.300, ,0.118, ,0.023, ,0.022, ,0.053, ,0.454, ,1.015, ,0.091, ,0.905,0,-9,3130.500,44.958,44.958,w ,            ,7/25/2014 12:00:00 AM
NY06,TL5375SW,"2013-06-04 11:20","2013-06-11 11:15",201306,5.320,5.700, ,0.041, ,0.030, ,0.014, ,0.247, ,0.101, ,0.351, ,0.436, ,0.314,0,-9,10675.800,149.098,149.098,w ,            ,7/25/2014 12:00:00 AM
NY06,TL5631SW,"2013-06-11 11:20","2013-06-18 11:10",201306,4.880,13.100, ,0.114, ,0.083, ,0.033, ,0.584, ,0.259, ,1.144, ,1.065, ,0.754,0,-9,2518.300,36.068,36.068,w ,            ,7/25/2014 12:00:00 AM
NY06,TL5894SW,"2013-06-18 11:20","2013-06-25 11:10",201306,4.660,17.000, ,0.105, ,0.022, ,0.013, ,0.058, ,0.631, ,1.994, ,0.140, ,1.401,0,-9,921.500,13.208,13.208,w ,            ,7/25/2014 12:00:00 AM
NY06,TL6174SW,"2013-06-25 11:20","2013-07-02 11:05",201306,4.950,10.200, ,0.123, ,0.047, ,0.028, ,0.257, ,0.250, ,0.941, ,0.473, ,0.845,0,-9,2146.000,29.972,29.972,w ,            ,7/25/2014 12:00:00 AM
NY06,TL6410SW,"2013-07-02 11:20","2013-07-09 11:05",201307,-9.000,-9.000, ,-9.000, ,-9.000, ,-9.000, ,-9.000, ,-9.000, ,-9.000, ,-9.000, ,-9.000,0,-9,600.000,7.874,7.874,  ,c           ,7/25/2014 12:00:00 AM
NY06,TL6712SW,"2013-07-09 11:20","2013-07-16 11:05",201307,-9.000,-9.000, ,-9.000, ,-9.000, ,-9.000, ,-9.000, ,-9.000, ,-9.000, ,-9.000, ,-9.000,0,-9,1581.300,22.606,22.606,  ,c           ,7/25/2014 12:00:00 AM
NY06,TL6968SW,"2013-07-16 11:20","2013-07-23 11:05",201307,4.780,14.400, ,0.154, ,0.049, ,0.016, ,0.222, ,0.548, ,1.869, ,0.375, ,1.044,0,-9,1057.100,14.732,14.732,w ,            ,7/25/2014 12:00:00 AM
NY06,TL7217SW,"2013-07-23 11:20","2013-07-30 11:05",201307,4.980,12.800, ,0.202, ,0.064, ,0.016, ,0.292, ,0.456, ,1.677, ,0.532, ,0.985,0,-9,542.900,8.382,8.382,w ,            ,7/25/2014 12:00:00 AM
NY06,TL7512SW,"2013-07-30 11:20","2013-08-06 11:05",201308,4.720,16.600, ,0.325, ,0.078, ,0.021, ,0.329, ,0.486, ,1.894, ,0.636, ,1.386,0,-9,758.800,11.684,11.684,w ,            ,7/25/2014 12:00:00 AM
NY06,TL7759SW,"2013-08-06 11:20","2013-08-13 11:05",201308,-9.000,-9.000, ,-9.000, ,-9.000, ,-9.000, ,-9.000, ,-9.000, ,-9.000, ,-9.000, ,-9.000,0,-9,460.500,7.112,7.112,  ,c           ,7/25/2014 12:00:00 AM
NY06,TL8038SW,"2013-08-13 11:20","2013-08-20 10:35",201308,5.020,8.800, ,0.080, ,0.014, ,0.007, ,0.032, ,0.288, ,1.095, ,0.072, ,0.552,0,-9,1352.200,20.320,20.320,w ,            ,7/25/2014 12:00:00 AM
NY06,TL8301SW,"2013-08-20 10:45","2013-08-27 10:35",201308,5.260,7.600, ,0.147, ,0.020, ,0.007, ,0.015, ,0.254, ,0.856, ,0.041, ,0.638,0,-9,1805.000,26.924,26.924,w ,            ,7/25/2014 12:00:00 AM
NY06,TL8556SW,"2013-08-27 10:45","2013-09-03 10:35",201308,-9.000,-9.000, ,-9.000, ,-9.000, ,-9.000, ,-9.000, ,-9.000, ,-9.000, ,-9.000, ,-9.000,0,-9,916.200,13.970,13.970,  ,c           ,7/25/2014 12:00:00 AM
NY06,TL8880SW,"2013-09-03 10:45","2013-09-10 10:35",201309,-9.000,-9.000, ,-9.000, ,-9.000, ,-9.000, ,-9.000, ,-9.000, ,-9.000, ,-9.000, ,-9.000,0,-9,-9.000,0.000,0.000,d ,            ,7/25/2014 12:00:00 AM
NY06,TL9108SW,"2013-09-10 10:45","2013-09-17 10:50",201309,5.380,7.800, ,0.185, ,0.030, ,0.016, ,0.054, ,0.462, ,0.983, ,0.107, ,0.954,0,-9,1629.400,23.876,23.876,w ,            ,7/25/2014 12:00:00 AM
NY06,TL9354SW,"2013-09-17 11:00","2013-09-24 10:45",201309,5.360,3.500,<,0.027, ,0.013, ,0.009, ,0.091, ,0.098, ,0.222, ,0.159, ,0.217,0,-9,2519.200,37.084,37.084,w ,            ,7/25/2014 12:00:00 AM
NY06,TL9824SW,"2013-09-24 11:00","2013-10-01 11:05",201309,-9.000,-9.000, ,-9.000, ,-9.000, ,-9.000, ,-9.000, ,-9.000, ,-9.000, ,-9.000, ,-9.000,0,-9,0.100,0.000,0.000,d ,            ,
NY06,TL9831SW,"2013-10-01 11:15","2013-10-08 11:15",201310,-9.000,-9.000, ,-9.000, ,-9.000, ,-9.000, ,-9.000, ,-9.000, ,-9.000, ,-9.000, ,-9.000,0,-9,533.200,7.620,7.620,  ,c           ,7/25/2014 12:00:00 AM
NY06,TM0812SW,"2013-10-08 11:20","2013-10-15 11:10",201310,-9.000,-9.000, ,-9.000, ,-9.000, ,-9.000, ,-9.000, ,-9.000, ,-9.000, ,-9.000, ,-9.000,0,-9,8.100,0.000,0.000,d ,            ,
NY06,TM0813SW,"2013-10-15 11:20","2013-10-22 11:15",201310,-9.000,-9.000, ,-9.000, ,-9.000, ,-9.000, ,-9.000, ,-9.000, ,-9.000, ,-9.000, ,-9.000,0,-9,-9.000,0.000,0.000,d ,            ,
NY06,TM0814SW,"2013-10-22 11:30","2013-10-29 11:30",201310,-9.000,-9.000, ,-9.000, ,-9.000, ,-9.000, ,-9.000, ,-9.000, ,-9.000, ,-9.000, ,-9.000,0,-9,4.100,0.000,0.000,d ,            ,
NY06,TM0827SW,"2013-10-29 11:45","2013-11-05 12:00",201311,-9.000,-9.000, ,-9.000, ,-9.000, ,-9.000, ,-9.000, ,-9.000, ,-9.000, ,-9.000, ,-9.000,0,-9,336.300,5.080,5.080,  ,c           ,7/25/2014 12:00:00 AM
NY06,TM1086SW,"2013-11-05 12:20","2013-11-12 12:20",201311,-9.000,-9.000, ,-9.000, ,-9.000, ,-9.000, ,-9.000, ,-9.000, ,-9.000, ,-9.000, ,-9.000,0,-9,396.600,5.080,5.080,  ,c           ,7/25/2014 12:00:00 AM
NY06,TM1371SW,"2013-11-12 12:25","2013-11-19 12:35",201311,-9.000,-9.000, ,-9.000, ,-9.000, ,-9.000, ,-9.000, ,-9.000, ,-9.000, ,-9.000, ,-9.000,0,-9,711.000,10.414,10.414,  ,c           ,7/25/2014 12:00:00 AM
NY06,TM1721SW,"2013-11-19 12:45","2013-11-26 12:15",201311,4.610,34.700, ,0.461, ,0.252, ,0.088, ,1.677, ,1.122, ,3.265, ,2.576, ,2.939,0,-9,180.800,2.794,2.794,w ,            ,7/25/2014 12:00:00 AM
NY06,TM1894SW,"2013-11-26 12:30","2013-12-03 12:15",201311,5.320,6.300, ,0.056, ,0.044, ,0.020, ,0.318, ,0.119, ,0.212, ,0.603, ,0.427,0,-9,5176.700,73.406,73.406,w ,            ,7/25/2014 12:00:00 AM
NY06,TM2171SW,"2013-12-03 12:30","2013-12-10 12:15",201312,4.800,12.300, ,0.081, ,0.032, ,0.027, ,0.316, ,0.298, ,0.785, ,0.564, ,0.915,0,-9,2378.800,33.782,33.782,w ,            ,7/25/2014 12:00:00 AM
NY06,TM2440SW,"2013-12-10 12:30","2013-12-17 12:15",201312,5.150,9.900, ,0.148, ,0.056, ,0.063, ,0.661, ,0.132, ,0.559, ,1.209, ,0.516,0,-9,2389.100,38.862,38.862,w ,            ,7/25/2014 12:00:00 AM
NY06,TM2735SW,"2013-12-17 12:30","2013-12-24 12:15",201312,-9.000,-9.000, ,-9.000, ,-9.000, ,-9.000, ,-9.000, ,-9.000, ,-9.000, ,-9.000, ,-9.000,0,-9,1357.000,19.812,19.812,  ,c           ,7/25/2014 12:00:00 AM
NY06,TM2873SW,"2013-12-24 12:30","2013-12-31 12:15",201312,5.350,3.700, ,0.050, ,0.010, ,0.010, ,0.059, ,0.082, ,0.127, ,0.100, ,0.261,0,-9,2192.600,28.702,28.702,w ,            ,7/25/2014 12:00:00 AM
NY06,TM3246SW,"2013-12-31 12:30","2014-01-07 12:15",201401,4.760,19.700, ,0.268, ,0.095, ,0.035, ,1.001, ,0.362, ,1.107, ,1.664, ,1.590,0,-9,1086.400,31.242,31.242,w ,            ,6/8/2015 8:56:00 AM
NY06,TM3461SW,"2014-01-07 12:40","2014-01-14 12:30",201401,4.840,16.100, ,0.117, ,0.062, ,0.023, ,0.739, ,0.440, ,1.072, ,1.203, ,1.204,0,-9,1245.400,18.796,18.796,w ,            ,6/8/2015 8:56:00 AM
NY06,TM3797SW,"2014-01-14 12:45","2014-01-21 11:30",201401,4.780,16.200, ,0.189, ,0.043, ,0.023, ,0.271, ,0.558, ,1.587, ,0.453, ,1.213,0,-9,884.900,12.954,12.954,w ,            ,6/8/2015 8:56:00 AM
NY06,TM3980SW,"2014-01-21 11:45","2014-01-28 11:15",201401,-9.000,-9.000, ,-9.000, ,-9.000, ,-9.000, ,-9.000, ,-9.000, ,-9.000, ,-9.000, ,-9.000,0,-9,358.300,14.986,14.986,  ,c           ,6/8/2015 8:56:00 AM
NY06,TM4291SW,"2014-01-28 11:30","2014-02-04 11:45",201401,5.190,8.000, ,0.086, ,0.014, ,0.009, ,0.512, ,0.128, ,0.571, ,0.816, ,0.317,0,-9,1741.400,32.004,32.004,w ,            ,6/8/2015 8:56:00 AM
NY06,TM4533SW,"2014-02-04 12:00","2014-02-11 11:45",201402,5.100,7.400, ,0.097, ,0.022, ,0.010, ,0.286, ,0.096, ,0.502, ,0.516, ,0.420,0,-9,3027.900,43.688,43.688,w ,            ,6/8/2015 8:56:00 AM
NY06,TM4824SW,"2014-02-11 12:00","2014-02-18 11:45",201402,5.270,11.200, ,0.198, ,0.036, ,0.025, ,1.032, ,0.110, ,0.502, ,1.645, ,0.541,0,-9,3901.100,63.754,63.754,w ,            ,6/8/2015 8:56:00 AM
NY06,TM5027SW,"2014-02-18 12:00","2014-02-25 11:30",201402,6.420,92.900, ,3.833, ,0.901, ,0.165, ,6.475, ,3.453, ,5.707, ,10.027, ,10.515,0,-9,260.200,11.684,11.684,w ,            ,6/8/2015 8:56:00 AM
NY06,TM5305SW,"2014-02-25 11:45","2014-03-04 11:45",201402,-9.000,-9.000, ,-9.000, ,-9.000, ,-9.000, ,-9.000, ,-9.000, ,-9.000, ,-9.000, ,-9.000,0,-9,22.500,2.032,2.032,  ,v           ,
NY06,TM6589SW,"2014-03-04 12:00","2014-03-11 11:30",201403,-9.000,-9.000, ,-9.000, ,-9.000, ,-9.000, ,-9.000, ,-9.000, ,-9.000, ,-9.000, ,-9.000,0,-9,0.800,0.000,0.000,d ,            ,
NY06,TM5831SW,"2014-03-11 11:45","2014-03-18 11:30",201403,4.900,19.400, ,0.313, ,0.072, ,0.044, ,0.702, ,0.860, ,1.639, ,1.165, ,1.577,0,-9,525.000,7.620,7.620,w ,            ,6/8/2015 8:56:00 AM
NY06,TM6133SW,"2014-03-18 11:45","2014-03-25 11:45",201403,5.180,22.800, ,0.232, ,0.312, ,0.096, ,2.406, ,0.164, ,0.470, ,4.303, ,1.179,0,-9,2140.300,29.972,29.972,w ,            ,6/8/2015 8:56:00 AM
NY06,TM6389SW,"2014-03-25 12:00","2014-04-01 11:30",201403,5.380,4.400, ,0.069, ,0.018, ,0.018, ,0.097, ,0.123, ,0.285, ,0.163, ,0.356,0,-9,4800.400,59.690,59.690,w ,            ,6/8/2015 8:56:00 AM
NY06,TM6644SW,"2014-04-01 12:00","2014-04-08 11:30",201404,4.740,21.800, ,0.249, ,0.133, ,0.059, ,0.952, ,0.558, ,1.659, ,1.492, ,1.651,0,-9,2470.900,28.956,28.956,w ,            ,6/8/2015 8:56:00 AM
NY06,TM6902SW,"2014-04-08 11:45","2014-04-15 11:15",201404,5.160,17.300, ,0.310, ,0.106, ,0.043, ,0.613, ,0.861, ,1.205, ,1.048, ,1.470,0,-9,148.900,2.032,2.032,w ,            ,6/8/2015 8:56:00 AM
NY06,TM7157SW,"2014-04-15 11:30","2014-04-22 11:00",201404,5.400,5.600, ,0.102, ,0.029, ,0.021, ,0.166, ,0.181, ,0.444, ,0.303, ,0.514,0,-9,1642.500,22.860,22.860,w ,            ,6/8/2015 8:56:00 AM
NY06,TM7442SW,"2014-04-22 11:15","2014-04-29 10:30",201404,5.750,11.800, ,0.304, ,0.075, ,0.025, ,0.203, ,0.851, ,1.657, ,0.377, ,1.535,0,-9,1282.300,18.034,18.034,w ,            ,6/8/2015 8:56:00 AM
NY06,TM7754SW,"2014-04-29 10:45","2014-05-06 10:15",201405,5.380,8.800, ,0.090, ,0.092, ,0.083, ,0.687, ,0.121, ,0.358, ,1.270, ,0.548,0,-9,9452.100,124.714,124.714,w ,            ,6/8/2015 8:56:00 AM
NY06,TM8000SW,"2014-05-06 10:30","2014-05-13 10:00",201405,-9.000,-9.000, ,-9.000, ,-9.000, ,-9.000, ,-9.000, ,-9.000, ,-9.000, ,-9.000, ,-9.000,0,-9,1261.600,17.780,17.780,  ,c           ,6/8/2015 8:56:00 AM
NY06,TM8242SW,"2014-05-13 10:15","2014-05-20 10:00",201405,5.600,11.100, ,0.137, ,0.097, ,0.073, ,0.728, ,0.437, ,1.018, ,1.215, ,0.933,0,-9,2973.400,43.942,43.942,w ,            ,6/8/2015 8:56:00 AM
NY06,TM8513SW,"2014-05-20 10:15","2014-05-27 10:00",201405,5.240,11.700, ,0.231, ,0.051, ,0.036, ,0.078, ,0.791, ,2.099, ,0.124, ,1.300,0,-9,1293.000,19.050,19.050,w ,            ,6/8/2015 8:56:00 AM
NY06,TM8904SW,"2014-05-27 10:15","2014-06-03 10:00",201405,-9.000,-9.000, ,-9.000, ,-9.000, ,-9.000, ,-9.000, ,-9.000, ,-9.000, ,-9.000, ,-9.000,0,-9,0.200,0.000,0.000,d ,            ,
NY06,TM9057SW,"2014-06-03 10:15","2014-06-10 09:30",201406,-9.000,-9.000, ,-9.000, ,-9.000, ,-9.000, ,-9.000, ,-9.000, ,-9.000, ,-9.000, ,-9.000,0,-9,4742.400,73.152,73.152,  ,u           ,6/8/2015 8:56:00 AM
NY06,TM9326SW,"2014-06-10 09:45","2014-06-17 09:15",201406,5.100,8.900, ,0.084, ,0.053, ,0.028, ,0.312, ,0.287, ,0.945, ,0.586, ,0.612,0,-9,2186.500,30.734,30.734,w ,            ,6/8/2015 8:56:00 AM
NY06,TM9747SW,"2014-06-17 09:30","2014-06-24 09:15",201406,-9.000,-9.000, ,-9.000, ,-9.000, ,-9.000, ,-9.000, ,-9.000, ,-9.000, ,-9.000, ,-9.000,0,-9,14.900,0.762,0.762,  ,v           ,
NY06,TM9888SW,"2014-06-24 09:30","2014-07-01 09:15",201406,5.130,14.400, ,0.272, ,0.070, ,0.018, ,0.198, ,0.633, ,2.120, ,0.367, ,0.903,0,-9,129.600,2.286,2.286,w ,            ,6/8/2015 8:56:00 AM
NY06,TN0116SW,"2014-07-01 09:30","2014-07-08 09:15",201407,5.070,8.000, ,0.140, ,0.034, ,0.021, ,0.127, ,0.295, ,1.112, ,0.215, ,0.613,0,-9,6240.300,91.948,91.948,w ,            ,6/8/2015 8:56:00 AM
NY06,TN0356SW,"2014-07-08 09:30","2014-07-15 09:15",201407,5.400,6.300, ,0.161, ,0.034, ,0.012, ,0.088, ,0.279, ,0.822, ,0.167, ,0.549,0,-9,2400.600,34.798,34.798,w ,            ,6/8/2015 8:56:00 AM
NY06,TN0651SW,"2014-07-15 09:30","2014-07-22 09:15",201407,4.990,7.000, ,0.065, ,0.013, ,0.006, ,0.034, ,0.175, ,0.901, ,0.072, ,0.323,0,-9,2672.500,39.116,39.116,w ,            ,6/8/2015 8:56:00 AM
NY06,TN0944SW,"2014-07-22 09:30","2014-07-29 09:30",201407,5.280,17.900, ,0.568, ,0.098, ,0.039, ,0.129, ,1.113, ,5.037, ,0.339, ,1.463,0,-9,207.400,3.048,3.048,w ,            ,6/8/2015 8:56:00 AM
NY06,TN1179SW,"2014-07-29 09:45","2014-08-05 09:15",201408,5.120,5.500, ,0.039, ,0.014, ,0.007, ,0.052, ,0.138, ,0.663, ,0.106, ,0.226,0,-9,974.900,13.462,13.462,w ,            ,6/8/2015 8:56:00 AM
NY06,TN1584SW,"2014-08-05 09:30","2014-08-12 09:45",201408,-9.000,-9.000, ,-9.000, ,-9.000, ,-9.000, ,-9.000, ,-9.000, ,-9.000, ,-9.000, ,-9.000,0,-9,0.000,0.000,0.000,d ,            ,
NY06,TN1698SW,"2014-08-12 10:00","2014-08-19 09:45",201408,5.650,10.000, ,0.131, ,0.131, ,0.071, ,1.024, ,0.123, ,0.316, ,1.819, ,0.495,0,-9,1639.800,26.162,26.162,w ,            ,6/8/2015 8:56:00 AM
NY06,TN1979SW,"2014-08-19 10:00","2014-08-26 09:45",201408,4.810,10.900, ,0.076, ,0.030, ,0.007, ,0.146, ,0.215, ,1.300, ,0.257, ,0.526,0,-9,914.600,13.716,13.716,w ,            ,6/8/2015 8:56:00 AM
NY06,TN2210SW,"2014-08-26 10:00","2014-09-02 10:15",201408,5.410,4.600, ,0.059, ,0.015, ,0.008, ,0.057, ,0.219, ,0.470, ,0.097, ,0.326,0,-9,2027.800,30.226,30.226,w ,            ,6/8/2015 8:56:00 AM
NY06,TN2567SW,"2014-09-02 10:30","2014-09-09 10:15",201409,4.690,14.700, ,0.223, ,0.035, ,0.033, ,0.088, ,0.274, ,1.716, ,0.141, ,0.981,0,-9,71.800,1.016,1.016,w ,            ,6/8/2015 8:56:00 AM
NY06,TN2807SW,"2014-09-09 10:30","2014-09-16 10:15",201409,5.690,12.100, ,0.217, ,0.121, ,0.041, ,0.823, ,0.432, ,1.089, ,1.501, ,0.861,0,-9,394.300,5.588,5.588,w ,            ,6/8/2015 8:56:00 AM
NY06,TN3030SW,"2014-09-16 10:30","2014-09-23 10:15",201409,5.120,9.900, ,0.155, ,0.050, ,0.016, ,0.218, ,0.376, ,1.093, ,0.396, ,0.938,0,-9,1033.600,14.986,14.986,w ,            ,6/8/2015 8:56:00 AM
NY06,TN3292SW,"2014-09-23 10:30","2014-09-30 10:15",201409,5.620,5.500, ,0.086, ,0.049, ,0.020, ,0.336, ,0.133, ,0.353, ,0.627, ,0.340,0,-9,601.500,7.874,7.874,w ,            ,6/8/2015 8:56:00 AM
NY06,TN3597SW,"2014-09-30 10:30","2014-10-07 10:15",201410,5.110,11.500, ,0.096, ,0.072, ,0.025, ,0.506, ,0.400, ,0.891, ,0.928, ,1.056,0,-9,2576.600,36.322,36.322,w ,            ,6/8/2015 8:56:00 AM
NY06,TN3857SW,"2014-10-07 10:30","2014-10-14 10:15",201410,5.230,11.100, ,0.205, ,0.065, ,0.021, ,0.366, ,0.491, ,1.503, ,0.642, ,0.923,0,-9,904.100,12.700,12.700,w ,            ,6/8/2015 8:56:00 AM
NY06,TN4103SW,"2014-10-14 10:30","2014-10-21 10:15",201410,5.470,16.000, ,0.107, ,0.208, ,0.067, ,1.764, ,0.134, ,0.276, ,3.226, ,0.740,0,-9,2018.000,29.718,29.718,w ,            ,6/8/2015 8:56:00 AM
NY06,TN4349SW,"2014-10-21 10:30","2014-10-28 10:15",201410,5.280,6.500, ,0.087, ,0.028, ,0.047, ,0.178, ,0.182, ,0.637, ,0.324, ,0.521,0,-9,3009.300,44.450,44.450,w ,            ,6/8/2015 8:56:00 AM
NY06,TN4645SW,"2014-10-28 10:30","2014-11-04 11:15",201410,5.720,9.400, ,0.291, ,0.096, ,0.679, ,0.131, ,0.312, ,1.248, ,0.312, ,1.139,0,-9,629.800,8.890,8.890,w ,            ,6/8/2015 8:56:00 AM
NY06,TN4846SW,"2014-11-04 11:30","2014-11-10 14:00",201411,4.640,17.800, ,0.114, ,0.023, ,0.033, ,0.079, ,0.672, ,1.467, ,0.200, ,1.541,0,-9,676.800,9.398,9.398,w ,            ,6/8/2015 8:56:00 AM
NY06,TN5142SW,"2014-11-10 14:15","2014-11-18 11:00",201411,4.920,7.400, ,0.051, ,0.009, ,0.008, ,0.017, ,0.219, ,0.537, ,0.038, ,0.587,0,-9,3369.500,48.514,48.514,w ,            ,6/8/2015 8:56:00 AM
NY06,TN5466SW,"2014-11-18 11:15","2014-11-25 11:15",201411,5.080,16.500, ,0.101, ,0.197, ,0.071, ,1.774, ,0.128, ,0.409, ,2.881, ,0.883,0,-9,1385.300,20.574,20.574,w ,            ,6/8/2015 8:56:00 AM
NY06,TN5645SW,"2014-11-25 11:30","2014-12-02 11:15",201411,5.290,5.500, ,0.049, ,0.015, ,0.229, ,0.094, ,0.169, ,0.324, ,0.169, ,0.583,0,-9,2547.200,37.846,37.846,w ,            ,6/8/2015 8:56:00 AM
NY06,TN5925SW,"2014-12-02 11:30","2014-12-09 11:30",201412,-9.000,-9.000, ,-9.000, ,-9.000, ,-9.000, ,-9.000, ,-9.000, ,-9.000, ,-9.000, ,-9.000,0,-9,4092.600,59.436,59.436,  ,u           ,6/8/2015 8:56:00 AM
NY06,TN6195SW,"2014-12-09 11:30","2014-12-16 11:15",201412,-9.000,-9.000, ,-9.000, ,-9.000, ,-9.000, ,-9.000, ,-9.000, ,-9.000, ,-9.000, ,-9.000,0,-9,4335.500,70.612,70.612,  ,u           ,6/8/2015 8:56:00 AM
NY06,TN6537SW,"2014-12-16 11:30","2014-12-23 11:15",201412,4.780,23.100, ,0.180, ,0.143, ,0.060, ,1.175, ,0.634, ,1.973, ,2.044, ,1.687,0,-9,524.000,6.350,6.350,w ,            ,6/8/2015 8:56:00 AM
NY06,TN6687SW,"2014-12-23 11:30","2014-12-30 11:15",201412,5.040,7.100, ,0.047, ,0.016, ,0.013, ,0.112, ,0.253, ,0.548, ,0.231, ,0.745,0,-9,1977.700,25.654,25.654,w ,            ,6/8/2015 8:56:00 AM
NY06,TN6934SW,"2014-12-30 11:30","2015-01-06 11:15",201501,4.960,9.100, ,0.073, ,0.035, ,0.015, ,0.287, ,0.224, ,0.624, ,0.517, ,0.609,0,-9,1718.000,22.606,22.606,w ,            ,6/8/2015 8:56:00 AM
NY06,TN7245SW,"2015-01-06 11:30","2015-01-13 11:15",201501,5.340,20.500, ,0.390, ,0.051, ,0.021, ,1.977, ,0.553, ,0.799, ,3.167, ,1.279,0,-9,969.200,16.002,16.002,w ,            ,6/8/2015 8:56:00 AM
NY06,TN7504SW,"2015-01-13 11:30","2015-01-20 11:15",201501,4.890,11.100, ,0.043, ,0.068, ,0.023, ,0.582, ,0.070, ,0.270, ,1.062, ,0.730,0,-9,3672.400,53.848,53.848,w ,            ,6/8/2015 8:56:00 AM
NY06,TN7835SW,"2015-01-20 11:30","2015-01-27 17:00",201501,5.170,7.800, ,0.105, ,0.018, ,0.009, ,0.395, ,0.181, ,0.580, ,0.637, ,0.421,0,-9,1854.300,39.116,39.116,w ,            ,6/8/2015 8:56:00 AM
NY06,TN8091SW,"2015-01-27 17:15","2015-02-03 12:00",201501,4.800,14.200, ,0.147, ,0.041, ,0.020, ,0.655, ,0.301, ,1.430, ,1.130, ,0.696,0,-9,2571.800,34.798,34.798,w ,            ,6/8/2015 8:56:00 AM
NY06,TN8397SW,"2015-02-03 12:15","2015-02-10 11:30",201502,-9.000,-9.000, ,-9.000, ,-9.000, ,-9.000, ,-9.000, ,-9.000, ,-9.000, ,-9.000, ,-9.000,0,-9,231.800,3.302,3.302,  ,c           ,
NY06,TN8561SW,"2015-02-10 11:45","2015-02-17 12:15",201502,5.280,45.500, ,0.866, ,0.172, ,0.040, ,5.678, ,0.541, ,3.546, ,8.934, ,1.191,0,-9,177.500,3.302,3.302,w ,            ,
NY06,TN8899SW,"2015-02-17 12:30","2015-02-24 11:15",201502,5.160,14.700, ,0.211, ,0.041, ,0.014, ,1.406, ,0.265, ,1.056, ,2.147, ,0.759,0,-9,1090.400,20.574,20.574,w ,            ,
NY06,TN9212SW,"2015-02-24 11:30","2015-03-03 11:30",201502,5.700,7.000, ,0.215, ,0.031, ,0.009, ,0.469, ,0.247, ,0.487, ,0.725, ,0.550,0,-9,890.800,14.478,14.478,w ,            ,
NY06,TN9339SW,"2015-03-03 11:45","2015-03-10 10:30",201503,4.930,10.700, ,0.130, ,0.021, ,0.009, ,0.421, ,0.242, ,0.849, ,0.693, ,0.700,0,-9,3290.700,54.356,54.356,w ,            ,
NY06,TN9615SW,"2015-03-10 10:45","2015-03-17 10:30",201503,4.970,9.200, ,0.078, ,0.021, ,0.007, ,0.246, ,0.256, ,0.671, ,0.417, ,0.629,0,-9,2558.400,35.814,35.814,w ,            ,
NY06,TN9918SW,"2015-03-17 10:45","2015-03-24 10:30",201503,6.070,11.900, ,0.500, ,0.088, ,0.021, ,0.778, ,0.395, ,0.992, ,1.328, ,0.763,0,-9,767.700,10.922,10.922,w ,            ,
NY06,TO0268SW,"2015-03-24 10:45","2015-03-31 10:15",201503,5.750,11.900, ,0.288, ,0.083, ,0.030, ,0.402, ,0.669, ,1.373, ,0.679, ,1.312,0,-9,1332.100,19.050,19.050,w ,            ,
NY06,TO0438SW,"2015-03-31 10:30","2015-04-07 10:15",201504,6.240,13.900, ,0.451, ,0.080, ,0.028, ,0.260, ,1.109, ,1.763, ,0.435, ,1.624,0,-9,474.600,6.858,6.858,w ,            ,
NY06,TO0735SW,"2015-04-07 10:30","2015-04-14 10:15",201504,-9.000,-9.000, ,-9.000, ,-9.000, ,-9.000, ,-9.000, ,-9.000, ,-9.000, ,-9.000, ,-9.000,0,-9,521.700,6.604,6.604,  ,c           ,
NY06,TO0996SW,"2015-04-14 10:30","2015-04-21 10:15",201504,5.460,11.000, ,0.113, ,0.117, ,0.072, ,0.831, ,0.325, ,0.481, ,1.527, ,0.833,0,-9,4151.800,55.118,55.118,w ,            ,
NY06,TO1230SW,"2015-04-21 10:30","2015-04-28 10:00",201504,-9.000,-9.000, ,-9.000, ,-9.000, ,-9.000, ,-9.000, ,-9.000, ,-9.000, ,-9.000, ,-9.000,0,-9,206.000,3.048,3.048,  ,c           ,
NY06,TO1682SW,"2015-04-28 10:15","2015-05-05 10:00",201505,-9.000,-9.000, ,-9.000, ,-9.000, ,-9.000, ,-9.000, ,-9.000, ,-9.000, ,-9.000, ,-9.000,0,-9,0.500,0.000,0.000,d ,            ,
NY06,TO1886SW,"2015-05-05 10:15","2015-05-12 10:00",201505,-9.000,-9.000, ,-9.000, ,-9.000, ,-9.000, ,-9.000, ,-9.000, ,-9.000, ,-9.000, ,-9.000,0,-9,25.100,0.508,0.508,  ,v           ,
NY06,TO2018SW,"2015-05-12 10:15","2015-05-19 10:00",201505,-9.000,-9.000, ,-9.000, ,-9.000, ,-9.000, ,-9.000, ,-9.000, ,-9.000, ,-9.000, ,-9.000,0,-9,431.600,6.096,6.096,  ,c           ,
NY06,TO2496SW,"2015-05-19 10:15","2015-05-26 10:00",201505,-9.000,-9.000, ,-9.000, ,-9.000, ,-9.000, ,-9.000, ,-9.000, ,-9.000, ,-9.000, ,-9.000,0,-9,10.100,0.254,0.254,  ,v           ,
NY06,TO2563SW,"2015-05-26 10:15","2015-06-02 10:00",201505,5.700,9.700, ,0.104, ,0.074, ,0.037, ,0.485, ,0.578, ,1.148, ,0.897, ,0.550,0,-9,4249.700,58.928,58.928,w ,            ,
NY06,TO2838SW,"2015-06-02 10:15","2015-06-09 10:00",201506,5.440,7.600, ,0.145, ,0.036, ,0.014, ,0.091, ,0.542, ,1.287, ,0.187, ,0.660,0,-9,1611.700,23.114,23.114,w ,            ,
NY06,TO3099SW,"2015-06-09 10:15","2015-06-16 10:00",201506,4.870,11.100, ,0.078, ,0.023, ,0.013, ,0.104, ,0.370, ,1.059, ,0.193, ,0.942,0,-9,1662.300,24.130,24.130,w ,            ,
NY06,TO3371SW,"2015-06-16 10:15","2015-06-23 10:00",201506,5.170,8.300, ,0.123, ,0.035, ,0.017, ,0.105, ,0.393, ,1.078, ,0.192, ,0.727,0,-9,3070.500,45.212,45.212,w ,            ,
NY06,TO3674SW,"2015-06-23 10:15","2015-06-30 10:00",201506,5.220,13.900, ,0.123, ,0.161, ,0.061, ,1.265, ,0.180, ,0.654, ,2.321, ,0.584,0,-9,3059.600,39.624,39.624,w ,            ,
NY06,TO3864SW,"2015-06-30 10:15","2015-07-07 10:00",201507,5.180,6.300, ,0.093, ,0.024, ,0.025, ,0.098, ,0.196, ,0.643, ,0.175, ,0.392,0,-9,1005.700,14.986,14.986,w ,            ,
NY06,TO4157SW,"2015-07-07 10:15","2015-07-14 10:00",201507,5.230,9.400, ,0.278, ,0.060, ,0.022, ,0.129, ,0.467, ,1.759, ,0.271, ,0.700,0,-9,992.000,13.970,13.970,w ,            ,
NY06,TO4421SW,"2015-07-14 10:15","2015-07-21 10:00",201507,5.170,5.600, ,0.064, ,0.020, ,0.009, ,0.102, ,0.175, ,0.529, ,0.188, ,0.402,0,-9,2829.500,41.656,41.656,w ,            ,
NY06,TO4688SW,"2015-07-21 10:15","2015-07-28 10:00",201507,-9.000,-9.000, ,-9.000, ,-9.000, ,-9.000, ,-9.000, ,-9.000, ,-9.000, ,-9.000, ,-9.000,0,-9,61.100,1.778,1.778,  ,c           ,
NY06,TO4924SW,"2015-07-28 10:15","2015-08-04 10:00",201507,4.970,11.300, ,0.207, ,0.039, ,0.018, ,0.103, ,0.509, ,1.450, ,0.242, ,0.974,0,-9,1773.500,25.400,25.400,w ,            ,
NY06,TO5247SW,"2015-08-04 10:15","2015-08-11 10:00",201508,4.520,23.200, ,0.206, ,0.107, ,0.042, ,0.722, ,0.567, ,1.443, ,1.291, ,1.169,0,-9,179.600,2.286,2.286,w ,            ,
NY06,TO5477SW,"2015-08-11 10:15","2015-08-18 10:00",201508,5.530,3.800, ,0.060, ,0.019, ,0.007, ,0.114, ,0.141, ,0.300, ,0.208, ,0.242,0,-9,1677.200,24.892,24.892,w ,            ,
NY06,TO5746SW,"2015-08-18 10:15","2015-08-25 10:00",201508,5.090,8.100, ,0.108, ,0.024, ,0.008, ,0.088, ,0.355, ,0.970, ,0.162, ,0.706,0,-9,1054.200,15.748,15.748,w ,            ,
NY06,TO6067SW,"2015-08-25 10:15","2015-09-01 10:00",201508,-9.000,-9.000, ,-9.000, ,-9.000, ,-9.000, ,-9.000, ,-9.000, ,-9.000, ,-9.000, ,-9.000,0,-9,-9.000,0.000,0.000,d ,            ,
NY06,TO6448SW,"2015-09-01 10:15","2015-09-08 10:00",201509,-9.000,-9.000, ,-9.000, ,-9.000, ,-9.000, ,-9.000, ,-9.000, ,-9.000, ,-9.000, ,-9.000,0,-9,0.300,0.000,0.000,d ,            ,
NY06,TO6562SW,"2015-09-08 10:15","2015-09-15 10:00",201509,5.260,8.100, ,0.097, ,0.044, ,0.018, ,0.254, ,0.354, ,1.041, ,0.460, ,0.507,0,-9,3727.700,53.848,53.848,w ,            ,
NY06,TO6925SW,"2015-09-15 10:15","2015-09-22 10:00",201509,-9.000,-9.000, ,-9.000, ,-9.000, ,-9.000, ,-9.000, ,-9.000, ,-9.000, ,-9.000, ,-9.000,0,-9,1.300,0.000,0.000,d ,            ,
NY06,TO7222SW,"2015-09-22 10:15","2015-09-29 10:00",201509,-9.000,-9.000, ,-9.000, ,-9.000, ,-9.000, ,-9.000, ,-9.000, ,-9.000, ,-9.000, ,-9.000,0,-9,0.000,0.000,0.000,d ,            ,
NY06,TO7349SW,"2015-09-29 10:15","2015-10-06 10:00",201510,5.610,4.400, ,0.032, ,0.041, ,0.016, ,0.294, ,0.076, ,0.138, ,0.532, ,0.206,0,-9,5214.400,73.660,73.660,w ,            ,
NY06,TO7592SW,"2015-10-06 10:15","2015-10-13 10:00",201510,5.890,7.000, ,0.237, ,0.041, ,0.015, ,0.068, ,0.523, ,1.033, ,0.117, ,0.702,0,-9,1056.200,15.494,15.494,w ,            ,
NY06,TO8046SW,"2015-10-13 10:15","2015-10-20 10:00",201510,-9.000,-9.000, ,-9.000, ,-9.000, ,-9.000, ,-9.000, ,-9.000, ,-9.000, ,-9.000, ,-9.000,0,-9,5.500,0.000,0.000,d ,            ,
NY06,TO8149SW,"2015-10-20 10:15","2015-10-27 10:00",201510,5.390,30.300, ,0.498, ,0.292, ,0.101, ,1.954, ,1.462, ,2.547, ,3.361, ,1.962,0,-9,70.000,1.016,1.016,w ,            ,
NY06,TO8408SW,"2015-10-27 10:15","2015-11-03 11:00",201510,5.590,13.100, ,0.100, ,0.175, ,0.063, ,1.466, ,0.136, ,0.244, ,2.596, ,0.587,0,-9,2771.500,37.846,37.846,w ,            ,
NY06,TO8700SW,"2015-11-03 11:15","2015-11-10 11:00",201511,6.620,31.900, ,0.831, ,0.222, ,0.053, ,1.080, ,2.469, ,3.747, ,1.544, ,2.823,0,-9,56.800,0.508,0.508,w ,            ,
NY06,TO8889SW,"2015-11-10 11:15","2015-11-17 11:00",201511,5.150,11.000, ,0.160, ,0.099, ,0.058, ,0.566, ,0.296, ,1.276, ,1.003, ,0.644,0,-9,969.200,12.700,12.700,w ,            ,
NY06,TO9226SW,"2015-11-17 11:15","2015-11-24 11:00",201511,-9.000,-9.000, ,-9.000, ,-9.000, ,-9.000, ,-9.000, ,-9.000, ,-9.000, ,-9.000, ,-9.000,0,-9,2347.400,35.814,35.814,  ,c           ,
NY06,TO9408SW,"2015-11-24 11:15","2015-12-01 11:00",201511,4.850,20.600, ,0.128, ,0.186, ,0.068, ,1.391, ,0.359, ,0.987, ,2.546, ,1.179,0,-9,312.700,4.064,4.064,w ,            ,
NY06,TO9692SW,"2015-12-01 11:15","2015-12-08 11:00",201512,5.470,13.800, ,0.111, ,0.104, ,0.607, ,0.834, ,0.409, ,1.168, ,1.617, ,0.876,0,-9,818.000,10.922,10.922,w ,            ,
NY06,TO9997SW,"2015-12-08 11:15","2015-12-15 11:00",201512,5.530,8.000, ,0.082, ,0.048, ,0.029, ,0.345, ,0.411, ,0.615, ,0.576, ,0.551,0,-9,716.400,10.668,10.668,w ,            ,
NY06,TP0347SW,"2015-12-15 11:15","2015-12-22 11:00",201512,5.370,7.200, ,0.039, ,0.036, ,0.016, ,0.307, ,0.220, ,0.585, ,0.558, ,0.368,0,-9,2046.900,29.210,29.210,w ,            ,
NY06,TP0513SW,"2015-12-22 11:15","2015-12-29 11:00",201512,5.500,6.600, ,0.054, ,0.044, ,0.023, ,0.352, ,0.237, ,0.429, ,0.645, ,0.396,0,-9,4200.900,55.880,55.880,w ,            ,
NY06,TP0692SW,"2015-12-29 11:15","2016-01-05 11:00",201601,5.000,12.700, ,0.080, ,0.101, ,0.049, ,0.817, ,0.205, ,0.547, ,1.471, ,0.704,0,-9,908.400,11.176,11.176,w ,            ,
NY06,TP1006SW,"2016-01-05 11:15","2016-01-12 11:00",201601,5.490,9.000, ,0.076, ,0.108, ,0.051, ,0.860, ,0.077, ,0.161, ,1.593, ,0.356,0,-9,3254.600,41.910,41.910,w ,            ,3/17/2017 12:00:00 AM
NY06,TP1275SW,"2016-01-12 11:15","2016-01-19 11:00",201601,5.060,12.300, ,0.170, ,0.058, ,0.027, ,0.654, ,0.323, ,1.254, ,1.074, ,0.602,0,-9,545.900,8.382,8.382,w ,            ,
NY06,TP1529SW,"2016-01-19 11:15","2016-01-26 11:00",201601,5.930,6.300, ,0.263, ,0.036, ,0.021, ,0.509, ,0.099, ,0.468, ,0.830, ,0.177,0,-9,371.900,50.800,50.800,w ,            ,3/17/2017 12:00:00 AM
NY06,TP1832SW,"2016-01-26 11:15","2016-02-02 11:00",201601,-9.000,-9.000, ,-9.000, ,-9.000, ,-9.000, ,-9.000, ,-9.000, ,-9.000, ,-9.000, ,-9.000,0,-9,16.700,0.000,0.000,d ,            ,
NY06,TP2058SW,"2016-02-02 11:15","2016-02-09 11:00",201602,4.970,18.100, ,0.167, ,0.130, ,0.052, ,1.174, ,0.342, ,1.164, ,2.106, ,0.960,0,-9,2444.700,39.878,39.878,w ,            ,
NY06,TP2344SW,"2016-02-09 11:15","2016-02-16 11:00",201602,5.010,20.800, ,0.190, ,0.089, ,0.036, ,1.966, ,0.352, ,1.262, ,3.239, ,0.847,0,-9,1147.000,14.986,14.986,w ,            ,
NY06,TP2581SW,"2016-02-16 11:15","2016-02-23 11:00",201602,5.810,13.200, ,0.181, ,0.181, ,0.058, ,1.380, ,0.115, ,0.179, ,2.627, ,0.531,0,-9,1931.800,29.210,29.210,w ,            ,3/17/2017 12:00:00 AM
NY06,TP2837SW,"2016-02-23 11:15","2016-03-01 11:00",201602,-9.000,-9.000, ,-9.000, ,-9.000, ,-9.000, ,-9.000, ,-9.000, ,-9.000, ,-9.000, ,-9.000,0,-9,3661.300,46.482,46.482,  ,c           ,
NY06,TP3094SW,"2016-03-01 11:15","2016-03-08 11:00",201603,4.520,26.200, ,0.232, ,0.070, ,0.031, ,0.907, ,0.629, ,3.475, ,1.489, ,0.925,0,-9,543.300,8.382,8.382,w ,            ,
NY06,TP3384SW,"2016-03-08 11:15","2016-03-15 10:00",201603,-9.000,-9.000, ,-9.000, ,-9.000, ,-9.000, ,-9.000, ,-9.000, ,-9.000, ,-9.000, ,-9.000,0,-9,661.700,7.112,7.112,  ,c           ,
NY06,TP3672SW,"2016-03-15 10:15","2016-03-22 10:00",201603,-9.000,-9.000, ,-9.000, ,-9.000, ,-9.000, ,-9.000, ,-9.000, ,-9.000, ,-9.000, ,-9.000,0,-9,405.100,5.842,5.842,  ,c           ,
NY06,TP3911SW,"2016-03-22 10:15","2016-03-29 10:00",201603,5.630,8.500, ,0.145, ,0.062, ,0.030, ,0.630, ,0.265, ,0.479, ,1.058, ,0.471,0,-9,953.600,11.684,11.684,w ,            ,
NY06,TP4205SW,"2016-03-29 10:15","2016-04-05 10:00",201604,-9.000,-9.000, ,-9.000, ,-9.000, ,-9.000, ,-9.000, ,-9.000, ,-9.000, ,-9.000, ,-9.000,0,-9,1628.800,25.146,25.146,  ,l           ,
NY06,TP4477SW,"2016-04-05 10:15","2016-04-12 10:00",201604,5.760,20.400, ,0.401, ,0.214, ,0.087, ,1.786, ,0.542, ,1.558, ,3.176, ,1.144,0,-9,505.000,6.604,6.604,w ,            ,
NY06,TP4742SW,"2016-04-12 10:15","2016-04-19 10:00",201604,6.240,14.300, ,0.297, ,0.079, ,0.047, ,0.640, ,0.957, ,1.354, ,1.016, ,1.303,0,-9,408.100,5.842,5.842,w ,            ,
NY06,TP4964SW,"2016-04-19 10:15","2016-04-26 10:00",201604,6.160,13.300, ,0.187, ,0.051, ,0.107, ,0.189, ,1.329, ,2.089, ,0.266, ,1.076,0,-9,1087.600,15.240,15.240,w ,            ,
NY06,TP5256SW,"2016-04-26 10:15","2016-05-03 10:00",201604,5.560,10.400, ,0.153, ,0.050, ,0.069, ,0.232, ,0.689, ,1.968, ,0.409, ,0.708,0,-9,1598.500,21.844,21.844,w ,            ,
NY06,TP5523SW,"2016-05-03 10:15","2016-05-10 10:00",201605,5.550,6.500, ,0.081, ,0.052, ,0.077, ,0.289, ,0.301, ,0.675, ,0.528, ,0.452,0,-9,2334.500,29.210,29.210,w ,            ,
NY06,TP5828SW,"2016-05-10 10:15","2016-05-17 10:00",201605,5.670,7.700, ,0.204, ,0.057, ,0.097, ,0.079, ,0.490, ,1.204, ,0.140, ,0.642,0,-9,401.400,5.588,5.588,w ,            ,
NY06,TP6084SW,"2016-05-17 10:15","2016-05-24 10:00",201605,5.530,7.000, ,0.225, ,0.049, ,0.054, ,0.067, ,0.356, ,1.302, ,0.145, ,0.453,0,-9,420.700,5.842,5.842,w ,            ,
NY06,TP6304SW,"2016-05-24 10:15","2016-05-31 09:30",201605,5.630,3.300, ,0.044, ,0.016, ,0.014, ,0.056, ,0.179, ,0.344, ,0.108, ,0.177,0,-9,2954.200,43.180,43.180,w ,            ,3/17/2017 12:00:00 AM
NY06,TP6576SW,"2016-05-31 09:45","2016-06-07 09:30",201606,5.500,9.900, ,0.115, ,0.028, ,0.018, ,0.067, ,0.841, ,1.688, ,0.164, ,0.845,0,-9,3749.500,55.626,55.626,w ,            ,
NY06,TP6869SW,"2016-06-07 09:45","2016-06-14 09:30",201606,5.880,4.900, ,0.169, ,0.025, ,0.019, ,0.025, ,0.333, ,0.843, ,0.057, ,0.281,0,-9,741.000,10.668,10.668,w ,            ,
NY06,TP7126SW,"2016-06-14 09:45","2016-06-21 09:30",201606,6.260,12.700, ,0.404, ,0.087, ,0.013, ,0.074, ,1.104, ,2.250, ,0.136, ,1.039,0,-9,222.200,3.048,3.048,w ,            ,
NY06,TP7387SW,"2016-06-21 09:45","2016-06-28 09:30",201606,5.320,6.700, ,0.095, ,0.030, ,0.016, ,0.118, ,0.340, ,0.745, ,0.235, ,0.397,0,-9,1216.100,17.526,17.526,w ,            ,
NY06,TP7661SW,"2016-06-28 09:45","2016-07-05 09:30",201607,5.610,4.500, ,0.063, ,0.018, ,0.050, ,0.049, ,0.267, ,0.558, ,0.110, ,0.349,0,-9,4109.400,59.436,59.436,w ,            ,
NY06,TP7954SW,"2016-07-05 09:45","2016-07-12 09:30",201607,5.000,12.600, ,0.229, ,0.043, ,0.024, ,0.075, ,0.660, ,1.896, ,0.173, ,1.193,0,-9,1000.900,14.224,14.224,w ,            ,
NY06,TP8281SW,"2016-07-12 09:45","2016-07-19 09:30",201607,5.770,6.900, ,0.293, ,0.048, ,0.032, ,0.091, ,0.430, ,1.191, ,0.155, ,0.655,0,-9,715.800,12.954,12.954,w ,            ,
NY06,TP8452SW,"2016-07-19 09:45","2016-07-26 09:30",201607,5.970,15.500, ,0.820, ,0.140, ,0.038, ,0.164, ,0.925, ,3.247, ,0.305, ,1.190,0,-9,695.200,9.906,9.906,w ,            ,
NY06,TP8814SW,"2016-07-26 09:45","2016-08-02 09:30",201607,-9.000,-9.000, ,-9.000, ,-9.000, ,-9.000, ,-9.000, ,-9.000, ,-9.000, ,-9.000, ,-9.000,0,-9,3246.800,47.498,47.498,  ,u           ,
NY06,TP9134SW,"2016-08-02 09:45","2016-08-09 09:30",201608,-9.000,-9.000, ,-9.000, ,-9.000, ,-9.000, ,-9.000, ,-9.000, ,-9.000, ,-9.000, ,-9.000,0,-9,5.100,0.000,0.000,d ,            ,
NY06,TP9279SW,"2016-08-09 09:45","2016-08-16 09:30",201608,5.640,7.600, ,0.209, ,0.053, ,0.020, ,0.151, ,0.477, ,1.285, ,0.256, ,0.646,0,-9,1655.300,24.130,24.130,w ,            ,
NY06,TP9521SW,"2016-08-16 09:45","2016-08-23 09:30",201608,5.690,8.700, ,0.161, ,0.061, ,0.021, ,0.291, ,0.508, ,1.164, ,0.538, ,0.652,0,-9,2062.300,21.336,21.336,w ,            ,
NY06,TP9925SW,"2016-08-23 09:45","2016-08-30 09:30",201608,-9.000,-9.000, ,-9.000, ,-9.000, ,-9.000, ,-9.000, ,-9.000, ,-9.000, ,-9.000, ,-9.000,0,-9,4.400,0.000,0.000,d ,            ,
NY06,TQ0080SW,"2016-08-30 09:45","2016-09-06 09:30",201609,5.750,9.700, ,0.263, ,0.053, ,0.010, ,0.039, ,0.836, ,2.100, ,0.103, ,0.862,0,-9,366.000,5.588,5.588,w ,            ,
NY06,TQ0381SW,"2016-09-06 09:45","2016-09-13 16:10",201609,5.810,7.300, ,0.169, ,0.038, ,0.014, ,0.111, ,0.563, ,1.254, ,0.218, ,0.589,0,-9,784.900,11.938,11.938,w ,            ,
NY06,TQ0637SW,"2016-09-13 16:10","2016-09-20 11:30",201609,5.740,6.700, ,0.111, ,0.053, ,0.019, ,0.289, ,0.344, ,0.662, ,0.528, ,0.521,0,-9,1234.000,17.526,17.526,w ,            ,
NY06,TQ0873SW,"2016-09-20 12:00","2016-09-27 12:00",201609,5.370,12.800, ,0.251, ,0.061, ,0.029, ,0.158, ,0.854, ,1.854, ,0.319, ,1.407,0,-9,1099.900,15.748,15.748,w ,            ,
NY06,TQ1150SW,"2016-09-27 12:15","2016-10-04 12:00",201610,-9.000,-9.000, ,-9.000, ,-9.000, ,-9.000, ,-9.000, ,-9.000, ,-9.000, ,-9.000, ,-9.000,0,-9,595.300,7.620,7.620,  ,c           ,
NY06,TQ1408SW,"2016-10-04 12:15","2016-10-11 12:00",201610,5.340,8.300, ,0.078, ,0.054, ,0.034, ,0.330, ,0.408, ,1.171, ,0.606, ,0.401,0,-9,1124.000,16.002,16.002,w ,            ,
NY06,TQ1752SW,"2016-10-11 12:15","2016-10-18 12:00",201610,-9.000,-9.000, ,-9.000, ,-9.000, ,-9.000, ,-9.000, ,-9.000, ,-9.000, ,-9.000, ,-9.000,0,-9,8.300,0.000,0.000,d ,            ,
NY06,TQ1943SW,"2016-10-18 12:15","2016-10-25 12:00",201610,5.560,4.500, ,0.044, ,0.026, ,0.013, ,0.156, ,0.167, ,0.350, ,0.280, ,0.235,0,-9,4184.800,60.960,60.960,w ,            ,3/17/2017 12:00:00 AM
NY06,TQ2213SW,"2016-10-25 12:15","2016-11-01 12:00",201610,5.340,11.000, ,0.165, ,0.068, ,0.037, ,0.405, ,0.574, ,1.136, ,0.765, ,0.902,0,-9,2876.400,40.640,40.640,w ,            ,
NY06,TQ2645SW,"2016-11-01 12:15","2016-11-08 11:30",201611,-9.000,-9.000, ,-9.000, ,-9.000, ,-9.000, ,-9.000, ,-9.000, ,-9.000, ,-9.000, ,-9.000,0,-9,1.000,0.000,0.000,d ,            ,
NY06,TQ2719SW,"2016-11-08 11:45","2016-11-15 13:00",201611,5.000,7.600, ,0.076, ,0.027, ,0.085, ,0.138, ,0.155, ,0.349, ,0.252, ,0.429,0,-9,879.500,12.446,12.446,w ,            ,3/17/2017 12:00:00 AM
NY06,TQ3065SW,"2016-11-15 13:15","2016-11-22 13:00",201611,5.150,6.700, ,0.074, ,0.025, ,0.034, ,0.132, ,0.224, ,0.792, ,0.231, ,0.394,0,-9,3095.100,44.958,44.958,w ,            ,
NY06,TQ3366SW,"2016-11-22 13:15","2016-11-29 12:30",201611,4.810,29.100, ,0.596, ,0.143, ,0.093, ,0.571, ,1.609, ,3.894, ,1.020, ,2.564,0,-9,73.700,1.016,1.016,wi,            ,
NY06,TQ3535SW,"2016-11-29 12:45","2016-12-06 12:30",201612,5.230,7.700, ,0.070, ,0.047, ,0.028, ,0.349, ,0.264, ,0.519, ,0.639, ,0.579,0,-9,5866.700,83.566,83.566,w ,            ,
NY06,TQ3767SW,"2016-12-06 12:45","2016-12-13 12:30",201612,4.930,11.100, ,0.061, ,0.052, ,0.023, ,0.491, ,0.211, ,0.727, ,0.874, ,0.546,0,-9,1788.900,26.416,26.416,w ,            ,
NY06,TQ4008SW,"2016-12-13 12:45","2016-12-20 12:30",201612,5.430,6.100, ,0.122, ,0.019, ,0.008, ,0.211, ,0.199, ,0.533, ,0.364, ,0.343,0,-9,1416.000,20.574,20.574,w ,            ,
NY06,TQ4249SW,"2016-12-20 12:45","2016-12-27 10:30",201612,5.110,12.500, ,0.093, ,0.109, ,0.037, ,0.815, ,0.287, ,0.434, ,1.583, ,0.762,0,-9,830.900,12.192,12.192,w ,            ,
NY06,TQ4517SW,"2016-12-27 10:45","2017-01-03 10:30",201612,5.110,11.700, ,0.143, ,0.079, ,0.040, ,0.620, ,0.387, ,0.930, ,1.111, ,0.773,0,-9,1356.400,18.288,18.288,w ,            ,
NY06,TQ4807SW,"2017-01-03 10:45","2017-01-10 10:15",201701,5.450,8.400, ,0.146, ,0.035, ,0.026, ,0.702,<,0.190, ,0.607, ,1.161, ,0.316,0,-9,1535.400,22.098,22.098,w ,            ,
NY06,TQ5066SW,"2017-01-10 10:30","2017-01-17 10:00",201701,5.300,11.200, ,0.145, ,0.032, ,0.014, ,0.842, ,0.356, ,0.737, ,1.391, ,0.579,0,-9,1129.000,17.780,17.780,w ,            ,
NY06,TQ5357SW,"2017-01-17 10:15","2017-01-24 10:00",201701,5.050,8.300, ,0.073, ,0.028, ,0.026, ,0.335, ,0.204, ,0.695, ,0.610, ,0.388,0,-9,3919.500,51.562,51.562,w ,            ,
NY06,TQ5559SW,"2017-01-24 10:15","2017-01-30 13:45",201701,5.170,6.000, ,0.051, ,0.015, ,0.013, ,0.133, ,0.172, ,0.264, ,0.223, ,0.443,0,-9,1074.500,16.256,16.256,w ,            ,
NY06,TQ5887SW,"2017-01-30 14:00","2017-02-07 10:00",201702,5.650,44.900, ,1.014, ,0.206, ,0.065, ,4.894, ,1.014, ,3.274, ,8.030, ,1.382,0,-9,161.800,2.540,2.540,w ,            ,
NY06,TQ6141SW,"2017-02-07 10:15","2017-02-14 12:15",201702,4.870,14.900, ,0.184, ,0.045, ,0.030, ,0.545, ,0.560, ,1.351, ,0.889, ,1.012,0,-9,2730.200,50.800,50.800,w ,            ,
NY06,TQ6446SW,"2017-02-14 12:30","2017-02-21 11:45",201702,-9.000,-9.000, ,0.631, ,0.154, ,0.070, ,3.556, ,0.929, ,2.116, ,6.100, ,0.894,0,-9,24.500,0.254,0.254,wi,            ,
NY06,TQ6689SW,"2017-02-21 12:00","2017-02-28 12:00",201702,5.610,6.800, ,0.137, ,0.049, ,0.029, ,0.425, ,0.246, ,0.481, ,0.749, ,0.322,0,-9,842.200,12.954,12.954,w ,            ,
NY06,TQ6964SW,"2017-02-28 12:15","2017-03-07 11:45",201703,-9.000,-9.000, ,-9.000, ,-9.000, ,-9.000, ,-9.000, ,-9.000, ,-9.000, ,-9.000, ,-9.000,0,-9,424.900,6.350,6.350,  ,c           ,
NY06,TQ7206SW,"2017-03-07 12:00","2017-03-13 11:30",201703,5.790,16.200, ,0.474, ,0.083, ,0.063, ,0.869, ,0.834, ,1.533, ,1.353, ,0.932,0,-9,858.900,11.938,11.938,w ,            ,
NY06,TQ7462SW,"2017-03-13 11:45","2017-03-21 09:15",201703,5.720,6.300, ,0.209, ,0.035, ,0.021, ,0.499, ,0.104, ,0.361, ,0.810, ,0.214,0,-9,2774.100,53.594,53.594,w ,            ,
NY06,TQ7756SW,"2017-03-21 09:30","2017-03-28 10:00",201703,5.230,20.000, ,0.379, ,0.152, ,0.058, ,1.134, ,0.941, ,1.918, ,1.860, ,1.329,0,-9,709.000,9.144,9.144,w ,            ,
NY06,TQ8023SW,"2017-03-28 10:15","2017-04-04 10:30",201703,5.110,8.100, ,0.062, ,0.045, ,0.022, ,0.331, ,0.204, ,0.504, ,0.628, ,0.384,0,-9,7975.400,105.410,105.410,w ,            ,
NY06,TQ8285SW,"2017-04-04 10:45","2017-04-11 11:15",201704,5.250,13.100, ,0.180, ,0.135, ,0.060, ,0.911, ,0.285, ,0.871, ,1.672, ,0.872,0,-9,2113.000,26.162,26.162,w ,            ,
NY06,TQ8653SW,"2017-04-11 11:30","2017-04-18 09:45",201704,-9.000,-9.000, ,-9.000, ,-9.000, ,-9.000, ,-9.000, ,-9.000, ,-9.000, ,-9.000, ,-9.000,0,-9,82.200,1.270,1.270,  ,c           ,
NY06,TQ8798SW,"2017-04-18 10:00","2017-04-25 09:45",201704,5.900,15.100, ,0.269, ,0.128, ,0.155, ,0.476, ,1.061, ,2.159, ,0.835, ,1.338,0,-9,1035.900,13.970,13.970,w ,            ,
NY06,TQ9105SW,"2017-04-25 10:00","2017-05-02 09:30",201704,5.580,7.600, ,0.147, ,0.093, ,0.346, ,0.371, ,0.168, ,0.699, ,0.667, ,0.509,0,-9,2349.600,27.940,27.940,w ,            ,
NY06,TQ9344SW,"2017-05-02 09:45","2017-05-09 09:45",201705,5.440,8.600, ,0.077, ,0.097, ,0.116, ,0.702, ,0.127, ,0.341, ,1.269, ,0.455,0,-9,5019.400,71.120,71.120,w ,            ,
NY06,TQ9642SW,"2017-05-09 10:00","2017-05-16 09:30",201705,5.360,5.500, ,0.046, ,0.054, ,0.036, ,0.389, ,0.076, ,0.148, ,0.754, ,0.200,0,-9,3315.100,44.196,44.196,w ,            ,
NY06,TQ9881SW,"2017-05-16 09:45","2017-05-23 09:30",201705,5.520,6.100, ,0.082, ,0.027, ,0.025, ,0.138, ,0.408, ,0.719, ,0.250, ,0.475,0,-9,992.800,13.970,13.970,w ,            ,
NY06,TR0174SW,"2017-05-23 09:45","2017-05-30 09:30",201705,5.150,8.700, ,0.070, ,0.080, ,0.051, ,0.566, ,0.148, ,0.624, ,1.044, ,0.426,0,-9,2276.100,28.956,28.956,w ,            ,
NY06,TR0383SW,"2017-05-30 09:45","2017-06-06 09:30",201706,-9.000,-9.000, ,-9.000, ,-9.000, ,-9.000, ,-9.000, ,-9.000, ,-9.000, ,-9.000, ,-9.000,0,-9,349.800,4.826,4.826,  ,c           ,
NY06,TR0701SW,"2017-06-06 09:45","2017-06-13 09:30",201706,6.260,12.300, ,0.337, ,0.078, ,0.032, ,0.047, ,1.180, ,2.191, ,0.112, ,1.016,0,-9,196.400,2.794,2.794,w ,            ,
NY06,TR0985SW,"2017-06-13 09:45","2017-06-20 09:30",201706,5.760,4.300, ,0.105, ,0.022, ,0.013, ,0.077, ,0.307, ,0.521, ,0.141, ,0.255,0,-9,3660.800,53.340,53.340,w ,            ,
NY06,TR1217SW,"2017-06-20 09:45","2017-06-27 09:30",201706,5.950,4.100, ,0.153, ,0.025, ,0.010, ,0.032, ,0.262, ,0.554, ,0.067, ,0.236,0,-9,1779.900,25.908,25.908,w ,            ,
NY06,TR1429SW,"2017-06-27 09:45","2017-07-03 10:30",201706,5.990,6.300, ,0.179, ,0.033, ,0.014, ,0.069, ,0.501, ,0.979, ,0.174, ,0.384,0,-9,487.500,6.096,6.096,w ,            ,
NY06,TR1719SW,"2017-07-03 10:45","2017-07-11 09:15",201707,6.070,5.700, ,0.136, ,0.024, ,0.019, ,0.030, ,0.529, ,0.795, ,0.069, ,0.484,0,-9,2193.400,32.258,32.258,w ,            ,
NY06,TR1969SW,"2017-07-11 09:30","2017-07-18 09:30",201707,5.110,11.300, ,0.162, ,0.051, ,0.032, ,0.220, ,0.601, ,1.629, ,0.421, ,0.932,0,-9,1614.000,22.606,22.606,w ,            ,
NY06,TR2218SW,"2017-07-18 09:45","2017-07-25 09:45",201707,5.670,11.900, ,0.199, ,0.139, ,1.094, ,0.660, ,0.021, ,1.092, ,1.190, ,0.557,0,-9,1650.300,22.606,22.606,w ,            ,
NY06,TR2604SW,"2017-07-25 10:00","2017-08-01 10:00",201707,-9.000,-9.000, ,-9.000, ,-9.000, ,-9.000, ,-9.000, ,-9.000, ,-9.000, ,-9.000, ,-9.000,0,-9,5.800,0.000,0.000,d ,            ,
NY06,TR2749SW,"2017-08-01 10:15","2017-08-08 09:45",201708,6.020,8.100, ,0.137, ,0.044, ,0.211, ,0.201, ,0.576, ,1.085, ,0.396, ,0.511,0,-9,4026.100,58.420,58.420,w ,            ,
NY06,TR2972SW,"2017-08-08 10:00","2017-08-15 10:00",201708,4.880,10.700, ,0.099, ,0.032, ,0.021, ,0.147, ,0.485, ,1.678, ,0.331, ,0.503,0,-9,465.900,6.858,6.858,w ,            ,
NY06,TR3242SW,"2017-08-15 10:15","2017-08-22 10:00",201708,5.140,7.700, ,0.092, ,0.026, ,0.014, ,0.120, ,0.450, ,1.013, ,0.225, ,0.636,0,-9,1601.400,22.860,22.860,w ,            ,
NY06,TR3510SW,"2017-08-22 10:15","2017-08-29 10:00",201708,5.500,4.400, ,0.156, ,0.032, ,0.009, ,0.072, ,0.141, ,0.772, ,0.139, ,0.156,0,-9,440.600,6.350,6.350,w ,            ,
NY06,TR3763SW,"2017-08-29 10:15","2017-09-05 10:00",201709,5.130,8.900, ,0.062, ,0.084, ,0.029, ,0.622, ,0.193, ,0.414, ,1.158, ,0.429,0,-9,2882.200,39.370,39.370,w ,            ,
NY06,TR4016SW,"2017-09-05 10:15","2017-09-12 10:00",201709,4.940,9.600, ,0.129, ,0.025, ,0.038, ,0.039, ,0.460, ,1.483, ,0.091, ,0.548,0,-9,902.200,12.446,12.446,w ,            ,
NY06,TR4408SW,"2017-09-12 10:15","2017-09-19 10:00",201709,-9.000,-9.000, ,-9.000, ,-9.000, ,-9.000, ,-9.000, ,-9.000, ,-9.000, ,-9.000, ,-9.000,0,-9,72.200,0.762,0.762,  ,c           ,12/19/2019 12:00:00 AM
NY06,TR4553SW,"2017-09-19 10:15","2017-09-26 10:15",201709,5.820,2.300, ,0.077, ,0.019, ,0.011, ,0.039, ,0.085, ,0.169, ,0.078, ,0.092,0,-9,840.900,11.684,11.684,w ,            ,
NY06,TR4900SW,"2017-09-26 10:30","2017-10-03 10:15",201709,-9.000,-9.000, ,-9.000, ,-9.000, ,-9.000, ,-9.000, ,-9.000, ,-9.000, ,-9.000, ,-9.000,0,-9,-9.000,0.000,0.000,d ,            ,
NY06,TR5058SW,"2017-10-03 10:30","2017-10-10 10:15",201710,6.230,12.400, ,0.179, ,0.116, ,0.039, ,0.790, ,0.693, ,0.813, ,1.521, ,0.786,0,-9,581.500,7.874,7.874,w ,            ,
NY06,TR5331SW,"2017-10-10 10:30","2017-10-17 09:45",201710,-9.000,-9.000, ,-9.000, ,-9.000, ,-9.000, ,-9.000, ,-9.000, ,-9.000, ,-9.000, ,-9.000,0,-9,767.500,10.668,10.668,  ,c           ,
NY06,TR5794SW,"2017-10-17 10:00","2017-10-24 09:30",201710,-9.000,-9.000, ,-9.000, ,-9.000, ,-9.000, ,-9.000, ,-9.000, ,-9.000, ,-9.000, ,-9.000,0,-9,0.600,0.000,0.000,d ,            ,
NY06,TR5853SW,"2017-10-24 09:45","2017-10-31 09:30",201710,5.610,7.700, ,0.088, ,0.090, ,0.086, ,0.651, ,0.100, ,0.229, ,1.252, ,0.335,0,-9,5953.000,81.788,81.788,w ,            ,
NY06,TR6200SW,"2017-10-31 09:45","2017-11-07 10:45",201711,-9.000,-9.000, ,-9.000, ,-9.000, ,-9.000, ,-9.000, ,-9.000, ,-9.000, ,-9.000, ,-9.000,0,-9,181.800,2.286,2.286,  ,c           ,
NY06,TR6368SW,"2017-11-07 10:45","2017-11-14 10:30",201711,5.090,5.300, ,0.072, ,0.015, ,0.016, ,0.037, ,0.152, ,0.515, ,0.067, ,0.278,0,-9,1177.700,17.526,17.526,w ,            ,
NY06,TR6761SW,"2017-11-14 10:45","2017-11-21 10:30",201711,6.010,11.700, ,0.238, ,0.110, ,0.060, ,0.736, ,0.627, ,0.959, ,1.328, ,0.825,0,-9,936.600,14.224,14.224,w ,            ,
NY06,TR6863SW,"2017-11-21 10:45","2017-11-28 11:00",201711,5.350,20.300, ,0.184, ,0.208, ,0.078, ,1.565, ,0.726, ,1.521, ,2.775, ,1.203,0,-9,306.400,4.572,4.572,w ,            ,
NY06,TR7162SW,"2017-11-28 11:15","2017-12-05 11:00",201712,6.320,37.100, ,0.845, ,0.279, ,0.112, ,1.660, ,2.371, ,4.293, ,2.945, ,2.112,0,-9,76.100,1.016,1.016,w ,            ,
NY06,TR7399SW,"2017-12-05 11:15","2017-12-12 11:00",201712,5.310,9.400, ,0.119, ,0.041, ,0.018, ,0.468, ,0.410, ,0.726, ,0.844, ,0.520,0,-9,1972.800,31.496,31.496,w ,            ,
NY06,TR7639SW,"2017-12-12 11:15","2017-12-19 11:00",201712,6.050,-9.000, ,0.903, ,0.127, ,0.049, ,4.613, ,1.073, ,3.570, ,7.836, ,1.143,0,-9,462.700,7.366,7.366,w ,            ,12/19/2019 12:00:00 AM
NY06,TR7798SW,"2017-12-19 11:15","2017-12-26 11:00",201712,4.540,-9.000, ,0.113, ,0.097, ,0.052, ,0.912, ,0.492, ,1.423, ,1.584, ,1.152,0,-9,1524.200,19.812,19.812,w ,            ,12/19/2019 12:00:00 AM
NY06,TR8066SW,"2017-12-26 11:15","2018-01-02 11:00",201712,5.970,-9.000, ,0.880, ,0.101, ,0.051, ,5.783, ,0.919, ,3.215, ,9.814, ,0.890,0,-9,78.200,1.524,1.524,w ,            ,12/19/2019 12:00:00 AM
NY06,TR8412SW,"2018-01-02 11:15","2018-01-09 11:00",201801,-9.000,-9.000, ,-9.000, ,-9.000, ,-9.000, ,-9.000, ,-9.000, ,-9.000, ,-9.000, ,-9.000,0,-9,141.100,16.002,16.002,  ,c           ,12/19/2019 12:00:00 AM
NY06,TR8639SW,"2018-01-09 11:15","2018-01-16 10:30",201801,5.540,11.700, ,0.078, ,0.117, ,0.042, ,1.102, ,0.360, ,0.429, ,1.914, ,0.545,0,-9,1035.300,14.478,14.478,w ,            ,
NY06,TR8935SW,"2018-01-16 10:45","2018-01-23 10:45",201801,4.730,20.700, ,0.184, ,0.056, ,0.024, ,1.229, ,0.551, ,1.724, ,1.989, ,1.120,0,-9,372.200,5.334,5.334,w ,            ,
NY06,TR9193SW,"2018-01-23 11:00","2018-01-30 10:45",201801,5.190,11.900, ,0.154, ,0.052, ,0.026, ,0.467, ,0.611, ,1.347, ,0.792, ,0.781,0,-9,955.400,14.224,14.224,w ,            ,
NY06,TR9453SW,"2018-01-30 11:00","2018-02-06 10:45",201802,5.190,9.500, ,0.119, ,0.031, ,0.014, ,0.484, ,0.366, ,0.851, ,0.786, ,0.529,0,-9,2394.900,34.798,34.798,w ,            ,
NY06,TR9665SW,"2018-02-06 11:00","2018-02-13 10:45",201802,5.090,8.600, ,0.078, ,0.034, ,0.014, ,0.340, ,0.321, ,0.719, ,0.605, ,0.613,0,-9,5096.700,70.358,70.358,w ,            ,
NY06,TR9951SW,"2018-02-13 11:00","2018-02-20 10:30",201802,5.470,7.400, ,0.091, ,0.038, ,0.015, ,0.318, ,0.383, ,0.624, ,0.566, ,0.456,0,-9,1956.500,24.892,24.892,w ,            ,
NY06,TS0199SW,"2018-02-20 10:45","2018-02-27 10:30",201802,5.000,11.100, ,0.114, ,0.054, ,0.030, ,0.347, ,0.475, ,1.094, ,0.595, ,0.738,0,-9,2973.700,38.608,38.608,w ,            ,
NY06,TS0502SW,"2018-02-27 10:45","2018-03-06 10:15",201803,5.260,4.600, ,0.057, ,0.018, ,0.016, ,0.139, ,0.112, ,0.355, ,0.237, ,0.232,0,-9,4369.100,60.452,60.452,w ,            ,
NY06,TS0701SW,"2018-03-06 10:30","2018-03-13 09:15",201803,5.140,9.000, ,0.073, ,0.057, ,0.023, ,0.670, ,0.131, ,0.438, ,1.145, ,0.399,0,-9,2350.100,34.036,34.036,w ,            ,
NY06,TS0959SW,"2018-03-13 09:30","2018-03-20 09:15",201803,5.890,11.700, ,0.290, ,0.052, ,0.013, ,0.970, ,0.428, ,0.683, ,1.555, ,0.800,0,-9,386.400,7.366,7.366,w ,            ,
NY06,TS1231SW,"2018-03-20 09:30","2018-03-27 09:15",201803,5.730,8.400, ,0.195, ,0.042, ,0.014, ,0.778, ,0.165, ,0.571, ,1.255, ,0.261,0,-9,1430.000,26.670,26.670,w ,            ,
NY06,TS1497SW,"2018-03-27 09:30","2018-04-03 09:15",201803,5.480,8.700, ,0.120, ,0.036, ,0.019, ,0.338, ,0.575, ,0.919, ,0.554, ,0.574,0,-9,1500.900,21.336,21.336,w ,            ,
NY06,TS1798SW,"2018-04-03 09:30","2018-04-10 09:15",201804,-9.000,-9.000, ,-9.000, ,-9.000, ,-9.000, ,-9.000, ,-9.000, ,-9.000, ,-9.000, ,-9.000,0,-9,850.800,11.430,11.430,  ,c           ,
NY06,TS2014SW,"2018-04-10 09:30","2018-04-17 09:15",201804,-9.000,-9.000, ,-9.000, ,-9.000, ,-9.000, ,-9.000, ,-9.000, ,-9.000, ,-9.000, ,-9.000,0,-9,6294.000,70.358,70.358,  ,c           ,
NY06,TS2252SW,"2018-04-17 09:30","2018-04-24 09:15",201804,-9.000,-9.000, ,-9.000, ,-9.000, ,-9.000, ,-9.000, ,-9.000, ,-9.000, ,-9.000, ,-9.000,0,-9,274.300,3.810,3.810,  ,c           ,
NY06,TS2530SW,"2018-04-24 09:30","2018-05-01 09:15",201804,6.040,15.200, ,0.254, ,0.158, ,0.081, ,1.068, ,0.687, ,1.240, ,1.948, ,1.041,0,-9,2252.700,28.448,28.448,w ,            ,
NY06,TS2794SW,"2018-05-01 09:30","2018-05-08 09:15",201805,-9.000,-9.000, ,-9.000, ,-9.000, ,-9.000, ,-9.000, ,-9.000, ,-9.000, ,-9.000, ,-9.000,0,-9,80.100,1.016,1.016,  ,c           ,
NY06,TS3036SW,"2018-05-08 09:30","2018-05-15 09:15",201805,6.320,11.700, ,0.280, ,0.055, ,0.070, ,0.079, ,1.243, ,1.816, ,0.158, ,0.929,0,-9,1480.000,20.320,20.320,w ,            ,
NY06,TS3303SW,"2018-05-15 09:30","2018-05-22 09:15",201805,5.980,7.900, ,0.191, ,0.080, ,0.194, ,0.289, ,0.449, ,0.970, ,0.530, ,0.536,0,-9,3055.200,40.894,40.894,w ,            ,
NY06,TS3530SW,"2018-05-22 09:45","2018-05-29 09:15",201805,5.590,8.100, ,0.178, ,0.062, ,0.057, ,0.269, ,0.444, ,1.199, ,0.525, ,0.558,0,-9,1584.900,21.844,21.844,w ,            ,
NY06,TT0019SW,"2018-05-29 09:30","2018-06-05 09:15",201806,5.120,9.600, ,0.081, ,0.067, ,0.077, ,0.468, ,0.406, ,0.883, ,0.836, ,0.692,0,-9,2040.300,27.432,27.432,w ,            ,
NY06,TT0408SW,"2018-06-05 09:30","2018-06-12 09:15",201806,-9.000,-9.000, ,-9.000, ,-9.000, ,-9.000, ,-9.000, ,-9.000, ,-9.000, ,-9.000, ,-9.000,0,-9,5.200,0.000,0.000,d ,            ,
NY06,TT0508SW,"2018-06-12 09:30","2018-06-19 09:00",201806,-9.000,-9.000, ,-9.000, ,-9.000, ,-9.000, ,-9.000, ,-9.000, ,-9.000, ,-9.000, ,-9.000,0,-9,522.300,8.382,8.382,  ,c           ,
NY06,TT0749SW,"2018-06-19 09:15","2018-06-26 09:00",201806,4.940,8.700, ,0.079, ,0.021, ,0.013, ,0.078, ,0.415, ,1.662, ,0.131, ,0.354,0,-9,1792.600,25.400,25.400,w ,            ,
NY06,TT1031SW,"2018-06-26 09:15","2018-07-03 09:00",201806,5.240,9.100, ,0.102, ,0.075, ,0.030, ,0.557, ,0.266, ,1.050, ,1.015, ,0.452,0,-9,1494.700,21.082,21.082,w ,            ,
NY06,TT1248SW,"2018-07-03 09:15","2018-07-10 09:00",201807,5.550,15.600, ,0.457, ,0.099, ,0.038, ,0.254, ,1.167, ,4.251, ,0.509, ,0.901,0,-9,205.900,2.540,2.540,w ,            ,
NY06,TT1518SW,"2018-07-10 09:15","2018-07-17 09:00",201807,5.340,6.000, ,0.130, ,0.018, ,0.032, ,0.031, ,0.518, ,0.992, ,0.075, ,0.495,0,-9,1692.900,25.146,25.146,w ,            ,
NY06,TT1807SW,"2018-07-17 09:15","2018-07-24 09:00",201807,5.310,9.500, ,0.143, ,0.097, ,0.041, ,0.704, ,0.221, ,0.691, ,1.228, ,0.515,0,-9,6305.200,89.408,89.408,w ,            ,
NY06,TT2011SW,"2018-07-24 09:15","2018-07-31 09:00",201807,5.260,6.500, ,0.109, ,0.041, ,0.016, ,0.244, ,0.220, ,0.678, ,0.486, ,0.365,0,-9,2999.600,43.180,43.180,w ,            ,4/12/2020 12:00:00 AM
NY06,TT2264SW,"2018-07-31 09:15","2018-08-07 09:00",201808,5.700,7.400, ,0.220, ,0.067, ,0.021, ,0.284, ,0.365, ,0.984, ,0.531, ,0.463,0,-9,2933.800,41.148,41.148,w ,            ,4/12/2020 12:00:00 AM
NY06,TT2495SW,"2018-08-07 09:15","2018-08-14 09:00",201808,5.230,6.600, ,0.088, ,0.017, ,0.019, ,0.057, ,0.392, ,0.993, ,0.125, ,0.508,0,-9,5740.800,82.550,82.550,w ,            ,4/12/2020 12:00:00 AM
NY06,TT2783SW,"2018-08-14 09:15","2018-08-21 09:00",201808,4.960,7.300, ,0.090, ,0.016, ,0.017, ,0.035, ,0.243, ,0.936, ,0.078, ,0.405,0,-9,2872.900,40.894,40.894,w ,            ,4/12/2020 12:00:00 AM
NY06,TT3023SW,"2018-08-21 09:15","2018-08-28 09:00",201808,5.340,4.700, ,0.038, ,0.022, ,0.016, ,0.162, ,0.139, ,0.364, ,0.278, ,0.257,0,-9,1207.400,17.018,17.018,w ,            ,4/12/2020 12:00:00 AM
NY06,TT3335SW,"2018-08-28 09:15","2018-09-04 09:00",201809,6.220,48.900, ,1.776, ,0.661, ,0.162, ,2.897, ,1.925, ,8.192, ,5.378, ,3.534,0,-9,76.400,1.016,1.016,w ,            ,4/12/2020 12:00:00 AM
NY06,TT3572SW,"2018-09-04 09:15","2018-09-11 09:00",201809,5.620,11.000, ,0.084, ,0.140, ,0.047, ,1.161, ,0.199, ,0.407, ,2.131, ,0.491,0,-9,4058.000,54.102,54.102,w ,            ,4/12/2020 12:00:00 AM
NY06,TT3774SW,"2018-09-11 09:15","2018-09-18 09:00",201809,4.730,22.100, ,0.364, ,0.195, ,0.041, ,0.567, ,1.066, ,4.671, ,1.097, ,1.463,0,-9,233.100,2.286,2.286,w ,            ,4/12/2020 12:00:00 AM
NY06,TT4026SW,"2018-09-18 09:15","2018-09-25 09:00",201809,5.520,7.500, ,0.081, ,0.078, ,0.030, ,0.592, ,0.201, ,0.419, ,1.113, ,0.352,0,-9,1562.500,21.590,21.590,w ,            ,4/12/2020 12:00:00 AM
NY06,TT4289SW,"2018-09-25 09:15","2018-10-02 09:00",201809,5.400,15.800, ,0.102, ,0.220, ,0.073, ,1.831, ,0.186, ,0.440, ,3.298, ,0.842,0,-9,6462.800,92.456,92.456,w ,            ,4/12/2020 12:00:00 AM
NY06,TT4566SW,"2018-10-02 09:15","2018-10-09 09:00",201810,5.900,7.700, ,0.140, ,0.067, ,0.031, ,0.371, ,0.440, ,1.001, ,0.664, ,0.544,0,-9,1286.500,19.558,19.558,w ,            ,4/12/2020 12:00:00 AM
NY06,TT4798SW,"2018-10-09 09:15","2018-10-16 09:00",201810,5.690,4.900, ,0.076, ,0.024, ,0.015, ,0.115, ,0.336, ,0.647, ,0.209, ,0.345,0,-9,1843.100,26.924,26.924,w ,            ,4/12/2020 12:00:00 AM
NY06,TT5068SW,"2018-10-16 09:15","2018-10-23 09:00",201810,6.020,9.300, ,0.287, ,0.046, ,0.024, ,0.045, ,0.871, ,1.202, ,0.109, ,0.848,0,-9,133.700,1.778,1.778,w ,            ,4/12/2020 12:00:00 AM
NY06,TT5284SW,"2018-10-23 09:15","2018-10-30 09:00",201810,-9.000,-9.000, ,-9.000, ,-9.000, ,-9.000, ,-9.000, ,-9.000, ,-9.000, ,-9.000, ,-9.000,0,-9,2803.300,34.798,34.798,  ,c           ,4/12/2020 12:00:00 AM
NY06,TT5562SW,"2018-10-30 09:15","2018-11-06 10:00",201811,5.510,11.300, ,0.082, ,0.121, ,0.049, ,0.935, ,0.324, ,0.709, ,1.783, ,0.626,0,-9,1584.300,21.590,21.590,w ,            ,4/12/2020 12:00:00 AM
NY06,TT5786SW,"2018-11-06 10:15","2018-11-13 10:00",201811,5.560,8.300, ,0.161, ,0.107, ,0.059, ,0.622, ,0.129, ,0.435, ,1.258, ,0.393,0,-9,3510.600,43.942,43.942,w ,            ,4/12/2020 12:00:00 AM
NY06,TT6037SW,"2018-11-13 10:15","2018-11-20 10:00",201811,-9.000,-9.000, ,-9.000, ,-9.000, ,-9.000, ,-9.000,<,-9.000, ,-9.000, ,-9.000, ,-9.000,0,-9,4260.700,64.770,64.770,  ,c           ,4/12/2020 12:00:00 AM
NY06,TT6260SW,"2018-11-20 10:15","2018-11-27 10:00",201811,5.410,6.300, ,0.101, ,0.074, ,0.254, ,0.384, ,0.042, ,0.297, ,0.798, ,0.242,0,-9,4585.400,62.992,62.992,w ,            ,
NY06,TT6521SW,"2018-11-27 10:15","2018-12-04 10:00",201811,5.410,7.000, ,0.149, ,0.043, ,0.284, ,0.136, ,0.278, ,0.699, ,0.239, ,0.681,0,-9,1559.400,17.526,17.526,w ,            ,4/12/2020 12:00:00 AM
NY06,TT6952SW,"2018-12-04 10:15","2018-12-11 10:00",201812,-9.000,-9.000, ,-9.000, ,-9.000, ,-9.000, ,-9.000, ,-9.000, ,-9.000, ,-9.000, ,-9.000,0,-9,0.200,0.000,0.000,d ,            ,
NY06,TT7059SW,"2018-12-11 10:15","2018-12-18 10:00",201812,5.220,14.100, ,0.138, ,0.125, ,0.047, ,1.063, ,0.392, ,1.263, ,1.844, ,0.725,0,-9,2609.200,35.306,35.306,w ,            ,12/19/2019 12:00:00 AM
NY06,TT7255SW,"2018-12-18 10:15","2018-12-24 13:00",201812,5.500,7.500, ,0.083, ,0.066, ,0.253, ,0.557, ,0.128, ,0.396, ,1.030, ,0.413,0,-9,3940.700,56.388,56.388,w ,            ,12/19/2019 12:00:00 AM
NY06,TT7417SW,"2018-12-24 13:15","2018-12-31 13:00",201812,5.090,10.500, ,0.060, ,0.069, ,0.025, ,0.563, ,0.345, ,0.782, ,1.086, ,0.705,0,-9,2096.100,30.988,30.988,w ,            ,4/12/2020 12:00:00 AM
NY06,TT7731SW,"2018-12-31 13:15","2019-01-08 10:00",201901,5.260,5.300, ,0.032, ,0.014, ,0.011, ,0.127, ,0.147, ,0.401, ,0.215, ,0.341,0,-9,3658.400,48.514,48.514,w ,            ,4/12/2020 12:00:00 AM
NY06,TT7816SW,"2019-01-08 10:15","2019-01-15 10:00",201901,5.100,18.500, ,0.198, ,0.082, ,0.045, ,0.840, ,0.869, ,2.167, ,1.467, ,1.233,0,-9,232.300,3.302,3.302,w ,            ,4/7/2020 12:00:00 AM
NY06,TT7998SW,"2019-01-15 10:15","2019-01-22 10:00",201901,4.870,12.100, ,0.070, ,0.058, ,0.028, ,0.724, ,0.153, ,0.746, ,1.277, ,0.421,0,-9,2789.300,34.798,34.798,w ,            ,4/12/2020 12:00:00 AM
NY06,TT8181SW,"2019-01-22 10:15","2019-01-29 10:00",201901,5.540,5.600, ,0.065, ,0.044, ,0.018, ,0.404, ,0.167, ,0.172, ,0.735, ,0.252,0,-9,2581.800,37.846,37.846,w ,            ,4/7/2020 12:00:00 AM
NY06,TT8456SW,"2019-01-29 10:15","2019-02-05 10:00",201902,-9.000,-9.000, ,-9.000, ,-9.000, ,-9.000, ,-9.000, ,-9.000, ,-9.000, ,-9.000, ,-9.000,0,-9,546.100,8.890,8.890,  ,c           ,4/7/2020 12:00:00 AM
NY06,TT8695SW,"2019-02-05 10:15","2019-02-12 10:00",201902,4.730,14.600, ,0.096, ,0.028, ,0.022, ,0.347, ,0.555, ,1.435, ,0.605, ,0.816,0,-9,1559.400,21.336,21.336,w ,            ,4/7/2020 12:00:00 AM
NY06,TT8948SW,"2019-02-12 10:15","2019-02-19 10:00",201902,5.300,10.500, ,0.179, ,0.061, ,0.023, ,0.947, ,0.149, ,0.540, ,1.650, ,0.391,0,-9,2176.200,27.940,27.940,w ,            ,4/7/2020 12:00:00 AM
NY06,TT9236SW,"2019-02-19 10:15","2019-02-26 10:00",201902,5.590,6.300, ,0.142, ,0.026, ,0.013, ,0.543, ,0.101, ,0.325, ,0.930, ,0.219,0,-9,2737.400,35.306,35.306,w ,            ,4/12/2020 12:00:00 AM
NY06,TT9441SW,"2019-02-26 10:15","2019-03-05 10:00",201903,5.180,6.600, ,0.075, ,0.014, ,0.005, ,0.391, ,0.116, ,0.665, ,0.641, ,0.177,0,-9,3033.000,51.308,51.308,w ,            ,4/7/2020 12:00:00 AM
NY06,TT9666SW,"2019-03-05 10:15","2019-03-12 09:00",201903,4.850,10.800, ,0.076, ,0.053, ,0.026, ,0.465, ,0.204, ,0.767, ,0.797, ,0.534,0,-9,1346.000,16.510,16.510,w ,            ,4/12/2020 12:00:00 AM
NY06,TT9932SW,"2019-03-12 09:15","2019-03-19 09:00",201903,5.970,9.200, ,0.256, ,0.049, ,0.030, ,0.255, ,0.689, ,0.777, ,0.374, ,0.544,0,-9,875.400,13.208,13.208,w ,            ,4/7/2020 12:00:00 AM
NY06,TU0178SW,"2019-03-19 09:15","2019-03-26 09:00",201903,5.500,10.700, ,0.156, ,0.132, ,0.055, ,1.048, ,0.173, ,0.439, ,1.894, ,0.530,0,-9,2357.900,28.702,28.702,w ,            ,4/12/2020 12:00:00 AM
NY06,TU0436SW,"2019-03-26 09:15","2019-04-02 09:00",201903,6.340,15.700, ,0.615, ,0.124, ,0.219, ,0.475, ,0.948, ,1.421, ,0.804, ,1.103,0,-9,168.000,2.286,2.286,w ,            ,4/12/2020 12:00:00 AM
NY06,TU0691SW,"2019-04-02 09:15","2019-04-09 09:00",201904,5.670,10.600, ,0.204, ,0.068, ,0.026, ,0.339, ,0.725, ,1.379, ,0.600, ,0.806,0,-9,900.800,12.192,12.192,w ,            ,4/12/2020 12:00:00 AM
NY06,TU0943SW,"2019-04-09 09:15","2019-04-16 09:00",201904,5.630,9.000, ,0.132, ,0.091, ,0.046, ,0.644, ,0.345, ,0.723, ,1.127, ,0.498,0,-9,3521.800,52.578,52.578,w ,            ,4/12/2020 12:00:00 AM
NY06,TU1205SW,"2019-04-16 09:15","2019-04-23 09:00",201904,-9.000,-9.000, ,-9.000, ,-9.000, ,-9.000, ,-9.000, ,-9.000, ,-9.000, ,-9.000, ,-9.000,0,-9,1922.800,27.686,27.686,  ,c           ,4/12/2020 12:00:00 AM
NY06,TU1454SW,"2019-04-23 09:15","2019-04-30 09:00",201904,5.710,10.400, ,0.244, ,0.072, ,0.142, ,0.349, ,0.673, ,1.529, ,0.595, ,0.730,0,-9,2650.000,35.814,35.814,w ,            ,7/5/2020 12:00:00 AM
NY06,TU1666SW,"2019-04-30 09:15","2019-05-07 09:00",201905,5.230,6.700, ,0.086, ,0.032, ,0.090, ,0.124, ,0.308, ,1.065, ,0.200, ,0.408,0,-9,2980.500,38.862,38.862,w ,            ,7/5/2020 12:00:00 AM
NY06,TU1910SW,"2019-05-07 09:15","2019-05-14 09:00",201905,5.600,10.700, ,0.109, ,0.129, ,0.123, ,0.984, ,0.204, ,0.502, ,1.875, ,0.523,0,-9,4951.700,63.500,63.500,w ,            ,7/5/2020 12:00:00 AM
NY06,TU2197SW,"2019-05-14 09:15","2019-05-21 09:00",201905,6.130,14.700, ,0.372, ,0.076, ,0.060, ,0.096, ,1.420, ,2.805, ,0.196, ,1.085,0,-9,828.400,11.684,11.684,w ,            ,7/5/2020 12:00:00 AM
NY06,TU2462SW,"2019-05-21 09:15","2019-05-28 09:00",201905,6.000,7.000, ,0.191, ,0.044, ,0.090, ,0.109, ,0.505, ,1.013, ,0.206, ,0.586,0,-9,1220.800,18.288,18.288,w ,            ,7/5/2020 12:00:00 AM
NY06,TU2747SW,"2019-05-28 09:15","2019-06-04 09:00",201905,5.750,5.200, ,0.069, ,0.018, ,0.022, ,0.054, ,0.419, ,0.866, ,0.113, ,0.405,0,-9,3676.000,53.340,53.340,w ,            ,7/5/2020 12:00:00 AM
NY06,TU2986SW,"2019-06-04 09:15","2019-06-11 09:00",201906,5.160,11.400, ,0.135, ,0.090, ,0.041, ,0.695, ,0.323, ,0.897, ,1.276, ,0.652,0,-9,982.000,11.684,11.684,w ,            ,7/5/2020 12:00:00 AM
NY06,TU3344SW,"2019-06-11 09:15","2019-06-18 09:00",201906,5.140,5.900, ,0.098, ,0.027, ,0.015, ,0.110, ,0.306, ,0.684, ,0.214, ,0.284,0,-9,1659.300,23.622,23.622,w ,            ,7/5/2020 12:00:00 AM
NY06,TU3523SW,"2019-06-18 09:15","2019-06-25 09:00",201906,5.470,5.700, ,0.075, ,0.015, ,0.009, ,0.030, ,0.394, ,1.237, ,0.090, ,0.313,0,-9,2101.000,28.448,28.448,w ,            ,7/5/2020 12:00:00 AM
NY06,TU3778SW,"2019-06-25 09:15","2019-07-02 09:00",201906,5.810,4.400, ,0.104, ,0.024, ,0.015, ,0.069, ,0.314, ,0.612, ,0.104, ,0.312,0,-9,1678.100,24.638,24.638,w ,            ,7/5/2020 12:00:00 AM
NY06,TU4013SW,"2019-07-02 09:15","2019-07-09 09:00",201907,5.470,10.900, ,0.289, ,0.079, ,0.032, ,0.213, ,0.683, ,1.779, ,0.451, ,0.714,0,-9,214.000,3.048,3.048,w ,            ,7/5/2020 12:00:00 AM
NY06,TU4262SW,"2019-07-09 09:15","2019-07-16 07:15",201907,5.510,4.300, ,0.060, ,0.020, ,0.009, ,0.105, ,0.206, ,0.596, ,0.187, ,0.214,0,-9,2286.700,33.528,33.528,w ,            ,7/5/2020 12:00:00 AM
NY06,TU4551SW,"2019-07-16 07:30","2019-07-23 09:45",201907,5.150,5.100, ,0.059, ,0.012, ,0.013, ,0.032, ,0.194, ,0.672, ,0.066, ,0.290,0,-9,9548.900,132.842,132.842,w ,            ,7/5/2020 12:00:00 AM
NY06,TU4798SW,"2019-07-23 10:00","2019-07-30 09:45",201907,5.050,12.000, ,0.333, ,0.054, ,0.029, ,0.093, ,0.580, ,2.287, ,0.227, ,0.681,0,-9,2272.300,33.020,33.020,w ,            ,7/5/2020 12:00:00 AM
NY06,TU5031SW,"2019-07-30 10:00","2019-08-06 09:45",201908,5.090,7.800, ,0.126, ,0.020, ,0.014, ,0.062, ,0.271, ,1.256, ,0.111, ,0.405,0,-9,3744.200,56.134,56.134,w ,            ,7/5/2020 12:00:00 AM
NY06,TU5325SW,"2019-08-06 10:00","2019-08-13 09:00",201908,5.460,7.500, ,0.202, ,0.054, ,0.018, ,0.213, ,0.404, ,1.035, ,0.418, ,0.561,0,-9,1079.200,15.494,15.494,w ,            ,7/5/2020 12:00:00 AM
NY06,TU5556SW,"2019-08-13 09:15","2019-08-20 10:15",201908,5.230,9.300, ,0.223, ,0.035, ,0.019, ,0.075, ,0.588, ,1.667, ,0.181, ,0.807,0,-9,928.200,13.462,13.462,w ,            ,7/5/2020 12:00:00 AM
NY06,TU5820SW,"2019-08-20 10:30","2019-08-27 10:15",201908,5.730,5.500, ,0.121, ,0.022, ,0.013, ,0.043, ,0.452, ,0.936, ,0.081, ,0.483,0,-9,2163.900,32.004,32.004,w ,            ,7/5/2020 12:00:00 AM
NY06,TU5993SW,"2019-08-27 10:30","2019-09-03 10:15",201908,5.310,8.100, ,0.118, ,0.070, ,0.021, ,0.405, ,0.283, ,0.798, ,0.749, ,0.512,0,-9,930.000,12.446,12.446,w ,            ,7/5/2020 12:00:00 AM
NY06,TU6350SW,"2019-09-03 10:30","2019-09-10 10:15",201909,-9.000,-9.000, ,-9.000, ,-9.000, ,-9.000, ,-9.000, ,-9.000, ,-9.000, ,-9.000, ,-9.000,0,-9,356.900,4.572,4.572,  ,c           ,7/5/2020 12:00:00 AM
NY06,TU6586SW,"2019-09-10 10:30","2019-09-17 10:45",201909,5.780,38.600, ,0.585, ,0.305, ,0.139, ,1.910, ,2.688, ,6.611, ,3.537, ,2.866,0,-9,189.500,2.286,2.286,w ,            ,7/5/2020 12:00:00 AM
NY06,TU6844SW,"2019-09-17 11:00","2019-09-24 10:30",201909,6.430,12.700, ,0.610, ,0.104, ,0.049, ,0.248, ,0.899, ,1.665, ,0.331, ,0.785,0,-9,53.000,0.762,0.762,w ,            ,7/5/2020 12:00:00 AM
NY06,TU7130SW,"2019-09-24 10:45","2019-10-01 10:30",201909,-9.000,-9.000, ,-9.000, ,-9.000, ,-9.000, ,-9.000, ,-9.000, ,-9.000, ,-9.000, ,-9.000,0,-9,152.100,2.032,2.032,  ,c           ,7/5/2020 12:00:00 AM
NY06,TU7394SW,"2019-10-01 10:45","2019-10-08 10:30",201910,5.860,13.600, ,0.188, ,0.129, ,0.061, ,0.896, ,0.698, ,1.135, ,1.661, ,0.847,0,-9,1967.800,27.432,27.432,w ,            ,7/5/2020 12:00:00 AM
NY06,TU7638SW,"2019-10-08 10:45","2019-10-15 10:30",201910,5.500,2.200, ,0.032, ,0.009, ,0.009, ,0.031, ,0.048, ,0.130, ,0.066, ,0.081,0,-9,1148.900,16.002,16.002,w ,            ,7/5/2020 12:00:00 AM
NY06,TU7912SW,"2019-10-15 10:45","2019-10-22 10:30",201910,5.420,7.300, ,0.097, ,0.080, ,0.043, ,0.539, ,0.158, ,0.521, ,0.968, ,0.403,0,-9,4827.300,65.786,65.786,w ,            ,7/5/2020 12:00:00 AM
NY06,TU8142SW,"2019-10-22 10:45","2019-10-29 10:30",201910,5.400,6.700, ,0.042, ,0.062, ,0.026, ,0.509, ,0.138, ,0.322, ,0.939, ,0.325,0,-9,4387.300,60.960,60.960,w ,            ,7/5/2020 12:00:00 AM
NY06,TU8426SW,"2019-10-29 10:45","2019-11-05 11:30",201911,5.560,11.200, ,0.142, ,0.121, ,0.052, ,0.888, ,0.387, ,0.857, ,1.663, ,0.619,0,-9,1520.700,21.336,21.336,w ,            ,
NY06,TU8647SW,"2019-11-05 11:45","2019-11-12 11:30",201911,5.440,7.300, ,0.136, ,0.028, ,0.018, ,0.042, ,0.575, ,1.208, ,0.068, ,0.541,0,-9,258.900,3.556,3.556,w ,            ,
NY06,TU8926SW,"2019-11-12 11:45","2019-11-19 11:30",201911,5.430,5.600, ,0.069, ,0.018, ,0.253, ,0.155, ,0.177, ,0.397, ,0.274, ,0.413,0,-9,1369.600,19.558,19.558,w ,            ,
NY06,TU9183SW,"2019-11-19 11:45","2019-11-26 11:30",201911,5.370,4.600, ,0.046, ,0.015, ,0.012, ,0.094, ,0.195, ,0.406, ,0.174, ,0.289,0,-9,1962.900,27.178,27.178,w ,            ,
NY06,TU9502SW,"2019-11-26 11:45","2019-12-03 11:30",201911,5.320,12.700, ,0.154, ,0.110, ,0.372, ,1.242, ,0.053, ,0.384, ,2.253, ,0.494,0,-9,2288.700,32.512,32.512,w ,            ,
NY06,TU9691SW,"2019-12-03 11:45","2019-12-10 11:30",201912,5.320,5.700, ,0.047, ,0.026, ,0.011, ,0.251, ,0.238, ,0.351, ,0.434, ,0.327,0,-9,2638.700,38.100,38.100,w ,            ,
NY06,TU9928SW,"2019-12-10 11:45","2019-12-17 11:30",201912,5.230,5.800, ,0.044, ,0.024, ,0.037, ,0.319, ,0.115, ,0.357, ,0.553, ,0.226,0,-9,5277.300,76.708,76.708,w ,            ,
NY06,TV0230SW,"2019-12-17 11:45","2019-12-24 11:30",201912,5.140,8.000, ,0.119, ,0.042, ,0.015, ,0.377, ,0.202, ,0.690, ,0.663, ,0.484,0,-9,1134.000,16.510,16.510,w ,            ,
NY06,TV0389SW,"2019-12-24 11:45","2019-12-31 11:30",201912,5.150,13.200, ,0.087, ,0.130, ,0.062, ,1.207, ,0.232, ,0.464, ,2.190, ,0.636,0,-9,2052.400,20.828,20.828,w ,            ,
NY06,TV0673SW,"2019-12-31 11:45","2020-01-07 11:30",202001,5.300,7.800, ,0.110, ,0.016, ,0.009, ,0.085, ,0.584, ,0.897, ,0.145, ,0.665,0,-9,932.500,13.716,13.716,w ,            ,
NY06,TV0925SW,"2020-01-07 11:45","2020-01-14 11:30",202001,-9.000,-9.000, ,-9.000, ,-9.000, ,-9.000, ,-9.000, ,-9.000, ,-9.000, ,-9.000, ,-9.000,0,-9,87.000,1.016,1.016,  ,c           ,
NY06,TV1181SW,"2020-01-14 11:45","2020-01-21 11:30",202001,5.350,11.100, ,0.215, ,0.050, ,0.023, ,0.774, ,0.431, ,1.267, ,1.269, ,0.567,0,-9,914.000,14.986,14.986,w ,            ,
NY06,TV1434SW,"2020-01-21 11:45","2020-01-28 11:30",202001,5.450,9.000, ,0.087, ,0.102, ,0.044, ,0.896, ,0.087, ,0.149, ,1.606, ,0.449,0,-9,2077.000,26.924,26.924,w ,            ,
NY06,TV1697SW,"2020-01-28 11:45","2020-02-04 11:30",202001,-9.000,-9.000, ,-9.000, ,-9.000, ,-9.000, ,-9.000, ,-9.000, ,-9.000, ,-9.000, ,-9.000,0,-9,204.100,2.794,2.794,  ,c           ,
NY06,TV1957SW,"2020-02-04 11:45","2020-02-11 12:00",202002,5.070,8.300, ,0.098, ,0.019, ,0.017, ,0.095, ,0.399, ,1.006, ,0.161, ,0.541,0,-9,2402.100,31.750,31.750,w ,            ,
NY06,TV2212SW,"2020-02-11 12:15","2020-02-18 11:30",202002,4.840,9.300, ,0.066, ,0.016, ,0.009, ,0.067, ,0.315, ,0.932, ,0.135, ,0.539,0,-9,1446.400,19.812,19.812,w ,            ,
NY06,TV2630SW,"2020-02-18 11:45","2020-02-25 08:30",202002,-9.000,-9.000, ,-9.000, ,-9.000, ,-9.000, ,-9.000, ,-9.000, ,-9.000, ,-9.000, ,-9.000,0,-9,4.300,-9.990,0.000,d ,            ,
NY06,TV2712SW,"2020-02-25 08:45","2020-03-03 11:30",202002,5.410,8.000, ,0.137, ,0.047, ,0.030, ,0.305, ,0.417, ,0.969, ,0.536, ,0.428,0,-9,1200.800,14.224,14.224,w ,            ,
NY06,TV3006SW,"2020-03-03 11:45","2020-03-10 10:45",202003,5.690,12.300, ,0.224, ,0.123, ,0.048, ,0.817, ,0.512, ,1.403, ,1.449, ,0.734,0,-9,1053.300,15.494,15.494,w ,            ,
NY06,TV3230SW,"2020-03-10 11:15","2020-03-17 11:15",202003,5.420,12.600, ,0.133, ,0.105, ,0.043, ,0.752, ,0.608, ,1.184, ,1.273, ,0.844,0,-9,767.400,9.398,9.398,w ,            ,
NY06,N@2403SW,"2020-03-17 11:15","2020-04-01 00:00",202003,-9.000,-9.000, ,-9.000, ,-9.000, ,-9.000, ,-9.000, ,-9.000, ,-9.000, ,-9.000, ,-9.000,0,-9,-9.000,-9.990,-9.990,  ,np          ,
NY06,N@2404SW,"2020-04-01 00:00","2020-05-01 00:00",202004,-9.000,-9.000, ,-9.000, ,-9.000, ,-9.000, ,-9.000, ,-9.000, ,-9.000, ,-9.000, ,-9.000,0,-9,-9.000,-9.990,-9.990,  ,np          ,
NY06,N@2405SW,"2020-05-01 00:00","2020-05-05 10:30",202005,-9.000,-9.000, ,-9.000, ,-9.000, ,-9.000, ,-9.000, ,-9.000, ,-9.000, ,-9.000, ,-9.000,0,-9,-9.000,-9.990,-9.990,  ,np          ,
NY06,TV5026SW,"2020-05-05 10:30","2020-05-12 10:45",202005,6.180,12.100, ,0.378, ,0.102, ,0.280, ,0.129, ,0.988, ,1.612, ,0.233, ,0.769,0,-9,1186.300,16.256,16.256,w ,            ,
NY06,TV5226SW,"2020-05-12 11:00","2020-05-19 10:30",202005,-9.000,-9.000, ,-9.000, ,-9.000, ,-9.000, ,-9.000, ,-9.000, ,-9.000, ,-9.000, ,-9.000,0,-9,282.900,4.064,4.064,  ,c           ,
NY06,TV5547SW,"2020-05-19 10:45","2020-05-26 10:30",202005,5.290,4.500, ,0.042, ,0.014, ,0.015, ,0.082, ,0.174, ,0.393, ,0.153, ,0.227,0,-9,2716.400,37.592,37.592,w ,            ,
